"site_id","year","month","day","location","salt","temp","salmon_captured","salmon_examined","pink_examined","chum_examined","sockeye_examined","morts_recovery","morts_other","P_ratio","C_ratio","latitude","longitude","bycatch","notes"
1,2001,6,12,"Burdwood",NA,NA,NA,18,18,0,0,NA,NA,NA,NA,"","","",""
2,2001,6,13,"Wicklow",NA,NA,NA,10,10,0,0,NA,NA,NA,NA,"","","",""
3,2001,6,16,"Glacier",NA,NA,NA,77,77,0,0,NA,NA,NA,NA,"","","",""
4,2001,6,23,"Burdwood",NA,NA,NA,11,11,0,0,NA,NA,NA,NA,"","","",""
5,2001,6,24,"Burdwood",NA,NA,NA,12,12,0,0,NA,NA,NA,NA,"","","",""
6,2001,6,25,"Burdwood",NA,NA,NA,5,5,0,0,NA,NA,NA,NA,"","","",""
7,2001,6,26,"Glacier",NA,NA,NA,8,8,0,0,NA,NA,NA,NA,"","","",""
8,2001,6,28,"Glacier",NA,11.94,NA,76,76,0,0,NA,NA,NA,NA,"","","",""
9,2001,6,29,"Burdwood",NA,13.28,NA,12,12,0,0,NA,NA,NA,NA,"","","",""
10,2001,6,30,"Burdwood",NA,13.28,NA,3,3,0,0,NA,NA,NA,NA,"","","",""
11,2001,7,13,"Burdwood",NA,NA,NA,2,2,0,0,NA,NA,NA,NA,"","","",""
12,2001,7,15,"Glacier",NA,11.94,NA,1,1,0,0,NA,NA,NA,NA,"","","",""
13,2001,7,16,"Burdwood",NA,NA,NA,1,1,0,0,NA,NA,NA,NA,"","","",""
14,2001,7,29,"Wicklow",NA,12.05,NA,23,23,0,0,NA,NA,NA,NA,"","","",""
15,2001,8,15,"Wicklow",NA,10.28,NA,7,7,0,0,NA,NA,NA,NA,"","","",""
16,2001,8,16,"Wicklow",NA,10.28,NA,2,2,0,0,NA,NA,NA,NA,"","","",""
17,2002,4,18,"Burdwood",30,9.8,NA,11,5,6,0,NA,NA,NA,NA,"","","",""
18,2002,4,18,"Glacier",31,9.8,NA,1,0,1,0,NA,NA,NA,NA,"","","",""
19,2002,4,18,"Wicklow",32,10,NA,5,5,0,0,NA,NA,NA,NA,"","","",""
20,2002,4,19,"Burdwood",30,9.8,NA,9,8,1,0,NA,NA,NA,NA,"","","",""
21,2002,4,19,"Glacier",31,8.7,NA,20,20,0,0,NA,NA,NA,NA,"","","",""
22,2002,4,19,"Wicklow",30,8.9,NA,13,12,1,0,NA,NA,NA,NA,"","","",""
23,2002,4,25,"Glacier",28,8.7,NA,20,16,4,0,NA,NA,NA,NA,"","","",""
24,2002,4,26,"Burdwood",27,9.4,NA,22,18,4,0,NA,NA,NA,NA,"","","",""
25,2002,4,26,"Wicklow",32,9.1,NA,21,20,1,0,NA,NA,NA,NA,"","","",""
26,2002,5,1,"Glacier",30,10.1,NA,21,19,2,0,NA,NA,NA,NA,"","","",""
27,2002,5,3,"Burdwood",25,11,NA,22,22,0,0,NA,NA,NA,NA,"","","",""
28,2002,5,3,"Wicklow",32,10.4,NA,19,19,0,0,NA,NA,NA,NA,"","","",""
29,2002,5,7,"Burdwood",35,10.7,NA,20,15,5,0,NA,NA,NA,NA,"","","",""
30,2002,5,7,"Glacier",32,10.1,NA,21,20,1,0,NA,NA,NA,NA,"","","",""
31,2002,5,9,"Wicklow",32,10.2,NA,23,14,9,0,NA,NA,NA,NA,"","","",""
32,2002,5,26,"Glacier",31,9.9,NA,20,18,2,0,NA,NA,NA,NA,"","","",""
33,2002,5,26,"Wicklow",31,10.2,NA,20,19,1,0,NA,NA,NA,NA,"","","",""
34,2002,6,1,"Burdwood",23,12.4,NA,21,20,1,0,NA,NA,NA,NA,"","","",""
35,2002,6,1,"Glacier",25,10.9,NA,21,21,0,0,NA,NA,NA,NA,"","","",""
36,2002,6,2,"Wicklow",31,9,NA,19,19,0,0,NA,NA,NA,NA,"","","",""
37,2002,6,7,"Wicklow",32,10.4,NA,23,19,4,0,NA,NA,NA,NA,"","","",""
38,2002,6,8,"Burdwood",26,10.8,NA,27,13,14,0,NA,NA,NA,NA,"","","",""
39,2002,6,8,"Glacier",26,10.8,NA,20,20,0,0,NA,NA,NA,NA,"","","",""
40,2002,6,9,"Wicklow",28,11.2,NA,22,20,2,0,NA,NA,NA,NA,"","","",""
41,2002,6,15,"Burdwood",25,12.7,NA,17,15,2,0,NA,NA,NA,NA,"","","",""
42,2002,6,15,"Glacier",26,12.4,NA,19,19,0,0,NA,NA,NA,NA,"","","",""
43,2002,6,16,"Burdwood",25,12.7,NA,4,4,0,0,NA,NA,NA,NA,"","","",""
44,2002,6,16,"Wicklow",30,12.2,NA,26,26,0,0,NA,NA,NA,NA,"","","",""
45,2002,6,21,"Glacier",22,14.6,NA,15,15,0,0,NA,NA,NA,NA,"","","",""
46,2002,6,22,"Burdwood",23,14.4,NA,21,15,6,0,NA,NA,NA,NA,"","","",""
47,2002,6,23,"Wicklow",27,14.1,NA,21,21,0,0,NA,NA,NA,NA,"","","",""
48,2003,3,2,"Glacier",31,8.7,NA,3,3,0,0,NA,NA,NA,NA,"","","",""
49,2003,3,14,"Burdwood",32,9,NA,20,1,19,0,NA,NA,NA,NA,"","","",""
50,2003,3,16,"Wicklow",32,9,NA,1,0,1,0,NA,NA,NA,NA,"","","",""
51,2003,3,26,"Burdwood",34,9.2,NA,21,3,18,0,NA,NA,NA,NA,"","","",""
52,2003,3,26,"Glacier",32,9,NA,21,17,4,0,NA,NA,NA,NA,"","","",""
53,2003,3,30,"Wicklow",28,9.1,NA,19,0,19,0,NA,NA,NA,NA,"","","",""
54,2003,4,6,"Burdwood",29,9.3,NA,19,2,17,0,NA,NA,NA,NA,"","","",""
55,2003,4,6,"Glacier",30,9.2,NA,20,8,12,0,NA,NA,NA,NA,"","","",""
56,2003,4,6,"Wicklow",30,9.2,NA,11,2,9,0,NA,NA,NA,NA,"","","",""
57,2003,4,9,"Burdwood",29,8.5,NA,21,2,19,0,NA,NA,NA,NA,"","","",""
58,2003,4,9,"Wicklow",31,9,NA,20,6,14,0,NA,NA,NA,NA,"","","",""
59,2003,4,12,"Glacier",30,9.2,NA,18,13,5,0,NA,NA,NA,NA,"","","",""
60,2003,4,16,"Burdwood",25,9.2,NA,22,3,19,0,NA,NA,NA,NA,"","","",""
61,2003,4,16,"Glacier",25,9.2,NA,20,19,1,0,NA,NA,NA,NA,"","","",""
62,2003,4,17,"Wicklow",32,9.3,NA,20,9,11,0,NA,NA,NA,NA,"","","",""
63,2003,4,21,"Burdwood",30,9.6,NA,19,6,13,0,NA,NA,NA,NA,"","","",""
64,2003,4,21,"Glacier",30,9.2,NA,20,18,2,0,NA,NA,NA,NA,"","","",""
65,2003,4,24,"Wicklow",31,9.3,NA,20,10,10,0,NA,NA,NA,NA,"","","",""
66,2003,4,28,"Wicklow",30,10.7,NA,20,14,6,0,NA,NA,NA,NA,"","","",""
67,2003,4,30,"Burdwood",28,11.1,NA,20,13,7,0,NA,NA,NA,NA,"","","",""
68,2003,4,30,"Glacier",30,10.6,NA,20,19,1,0,NA,NA,NA,NA,"","","",""
69,2003,5,5,"Burdwood",26,10.7,NA,18,18,0,0,NA,NA,NA,NA,"","","",""
70,2003,5,7,"Glacier",25,11.2,NA,19,14,5,0,NA,NA,NA,NA,"","","",""
71,2003,5,7,"Wicklow",31,10.7,NA,20,8,12,0,NA,NA,NA,NA,"","","",""
72,2003,5,15,"Glacier",31,10.1,NA,20,15,5,0,NA,NA,NA,NA,"","","",""
73,2003,5,16,"Burdwood",30,9.8,NA,17,10,7,0,NA,NA,NA,NA,"","","",""
74,2003,5,17,"Wicklow",31,9.8,NA,20,11,9,0,NA,NA,NA,NA,"","","",""
75,2003,5,21,"Burdwood",32,10.2,NA,20,14,6,0,NA,NA,NA,NA,"","","",""
76,2003,5,21,"Glacier",32,10.2,NA,22,22,0,0,NA,NA,NA,NA,"","","",""
77,2003,5,21,"Wicklow",31,10.3,NA,20,13,7,0,NA,NA,NA,NA,"","","",""
78,2003,5,29,"Burdwood",32,10.2,NA,20,10,10,0,NA,NA,NA,NA,"","","",""
79,2003,5,29,"Glacier",32,10,NA,19,18,1,0,NA,NA,NA,NA,"","","",""
80,2003,5,31,"Wicklow",28,11,NA,20,11,9,0,NA,NA,NA,NA,"","","",""
81,2003,6,3,"Glacier",29,12,NA,23,14,9,0,NA,NA,NA,NA,"","","",""
82,2003,6,4,"Burdwood",30,11,NA,21,9,12,0,NA,NA,NA,NA,"","","",""
83,2003,6,4,"Wicklow",29,11.3,NA,22,12,10,0,NA,NA,NA,NA,"","","",""
84,2004,3,10,"Burdwood",33,8.3,NA,32,0,32,0,NA,NA,NA,NA,"","","",""
85,2004,3,10,"Glacier",34,8.5,NA,27,4,23,0,NA,NA,NA,NA,"","","",""
86,2004,3,19,"Burdwood",33,8.5,NA,28,2,26,0,NA,NA,NA,NA,"","","",""
87,2004,3,19,"Glacier",34,8.4,NA,31,17,14,0,NA,NA,NA,NA,"","","",""
88,2004,3,19,"Wicklow",33,8.5,NA,3,0,3,0,NA,NA,NA,NA,"","","",""
89,2004,3,22,"Burdwood",31,8.7,NA,30,1,29,0,NA,NA,NA,NA,"","","",""
90,2004,3,22,"Wicklow",33,8.6,NA,22,0,22,0,NA,NA,NA,NA,"","","",""
91,2004,3,24,"Glacier",32,8.7,NA,30,25,5,0,NA,NA,NA,NA,"","","",""
92,2004,4,1,"Burdwood",30,9,NA,21,1,20,0,NA,NA,NA,NA,"","","",""
93,2004,4,1,"Glacier",28,9.7,NA,14,9,5,0,NA,NA,NA,NA,"","","",""
94,2004,4,5,"Glacier",30,8.5,NA,30,28,2,0,NA,NA,NA,NA,"","","",""
95,2004,4,14,"Burdwood",26,10.5,NA,21,9,12,0,NA,NA,NA,NA,"","","",""
96,2004,4,14,"Glacier",30,9.8,NA,22,16,6,0,NA,NA,NA,NA,"","","",""
97,2004,4,24,"Burdwood",29,10.5,NA,31,8,23,0,NA,NA,NA,NA,"","","",""
98,2004,4,24,"Glacier",30,9.5,NA,30,21,9,0,NA,NA,NA,NA,"","","",""
99,2004,4,25,"Wicklow",29,10.5,NA,29,19,10,0,NA,NA,NA,NA,"","","",""
100,2004,4,30,"Burdwood",30,12.4,NA,28,6,22,0,NA,NA,NA,NA,"","","",""
101,2004,4,30,"Glacier",30,11.9,NA,32,31,1,0,NA,NA,NA,NA,"","","",""
102,2004,5,1,"Wicklow",33,10.9,NA,11,3,8,0,NA,NA,NA,NA,"","","",""
103,2004,5,6,"Glacier",30,10.2,NA,28,24,4,0,NA,NA,NA,NA,"","","",""
104,2004,5,7,"Burdwood",27,11.7,NA,30,5,25,0,NA,NA,NA,NA,"","","",""
105,2004,5,7,"Wicklow",30,11.7,NA,22,15,7,0,NA,NA,NA,NA,"","","",""
106,2004,5,11,"Glacier",29,10.7,NA,29,29,0,0,NA,NA,NA,NA,"","","",""
107,2004,5,14,"Burdwood",30,13.5,NA,39,1,38,0,NA,NA,NA,NA,"","","",""
108,2004,5,15,"Wicklow",30,10.7,NA,5,0,5,0,NA,NA,NA,NA,"","","",""
109,2004,5,19,"Burdwood",31,15.4,NA,4,2,2,0,NA,NA,NA,NA,"","","",""
110,2004,5,19,"Glacier",29,10.9,NA,26,22,4,0,NA,NA,NA,NA,"","","",""
111,2004,5,22,"Burdwood",31,15.4,NA,27,13,14,0,NA,NA,NA,NA,"","","",""
112,2004,5,24,"Burdwood",30,13.5,NA,31,7,24,0,NA,NA,NA,NA,"","","",""
113,2004,5,24,"Glacier",29,11.2,NA,29,29,0,0,NA,NA,NA,NA,"","","",""
114,2004,5,25,"Wicklow",35,11.3,NA,29,23,6,0,NA,NA,NA,NA,"","","",""
115,2004,5,30,"Wicklow",31,14.4,NA,27,20,7,0,NA,NA,NA,NA,"","","",""
116,2004,6,2,"Glacier",31,10.5,NA,30,7,23,0,NA,NA,NA,NA,"","","",""
117,2004,6,2,"Wicklow",31,15,NA,31,26,5,0,NA,NA,NA,NA,"","","",""
118,2004,6,4,"Burdwood",27,14,NA,33,5,28,0,NA,NA,NA,NA,"","","",""
119,2004,6,5,"Burdwood",32,9.1,NA,30,3,27,0,NA,NA,NA,NA,"","","",""
120,2004,6,11,"Glacier",34,11.4,NA,32,17,15,0,NA,NA,NA,NA,"","","",""
121,2004,6,13,"Burdwood",34,11.6,NA,28,8,20,0,NA,NA,NA,NA,"","","",""
122,2004,6,13,"Wicklow",35,10.7,NA,29,22,7,0,NA,NA,NA,NA,"","","",""
123,2004,6,17,"Glacier",30,16,NA,24,23,1,0,NA,NA,NA,NA,"","","",""
124,2004,6,18,"Burdwood",29,16,NA,34,33,1,0,NA,NA,NA,NA,"","","",""
125,2004,6,19,"Wicklow",30,14,NA,18,12,6,0,NA,NA,NA,NA,"","","",""
126,2005,2,28,"Burdwood",32,8,NA,15,7,8,0,NA,NA,NA,NA,"","","",""
127,2005,3,7,"Burdwood",29,9,NA,27,27,0,0,NA,NA,NA,NA,"","","",""
128,2005,3,7,"Glacier",30,8,NA,40,40,0,0,NA,NA,NA,NA,"","","",""
129,2005,3,16,"Burdwood",30,8,NA,50,48,2,0,NA,NA,NA,NA,"","","",""
130,2005,3,16,"Glacier",NA,NA,NA,49,47,2,0,NA,NA,NA,NA,"","","",""
131,2005,3,22,"Glacier",30,8,NA,50,49,1,0,NA,NA,NA,NA,"","","",""
132,2005,3,23,"Burdwood",30,8,NA,37,32,5,0,NA,NA,NA,NA,"","","",""
133,2005,3,23,"Wicklow",30,9,NA,48,45,3,0,NA,NA,NA,NA,"","","",""
134,2005,3,28,"Burdwood",32,8.5,NA,50,50,0,0,NA,NA,NA,NA,"","","",""
135,2005,3,28,"Glacier",30,8.5,NA,51,51,0,0,NA,NA,NA,NA,"","","",""
136,2005,3,30,"Wicklow",31,8.5,NA,45,42,3,0,NA,NA,NA,NA,"","","",""
137,2005,4,4,"Burdwood",31,8,NA,48,46,2,0,NA,NA,NA,NA,"","","",""
138,2005,4,4,"Glacier",30.5,7,NA,50,49,1,0,NA,NA,NA,NA,"","","",""
139,2005,4,4,"Wicklow",31.5,8.5,NA,51,49,2,0,NA,NA,NA,NA,"","","",""
140,2005,4,11,"Burdwood",31,8,NA,51,51,0,0,NA,NA,NA,NA,"","","",""
141,2005,4,11,"Glacier",31,8,NA,52,52,0,0,NA,NA,NA,NA,"","","",""
142,2005,4,11,"Wicklow",31,8,NA,51,51,0,0,NA,NA,NA,NA,"","","",""
143,2005,4,18,"Burdwood",31,8.7,NA,49,47,2,0,NA,NA,NA,NA,"","","",""
144,2005,4,18,"Glacier",31,9.3,NA,50,49,1,0,NA,NA,NA,NA,"","","",""
145,2005,4,19,"Wicklow",NA,NA,NA,50,45,5,0,NA,NA,NA,NA,"","","",""
146,2005,4,25,"Burdwood",30,10,NA,47,46,1,0,NA,NA,NA,NA,"","","",""
147,2005,4,25,"Glacier",32,9.5,NA,51,51,0,0,NA,NA,NA,NA,"","","",""
148,2005,4,25,"Wicklow",32,8.8,NA,51,51,0,0,NA,NA,NA,NA,"","","",""
149,2005,5,2,"Burdwood",NA,NA,NA,52,51,1,0,NA,NA,NA,NA,"","","",""
150,2005,5,2,"Glacier",28,10.8,NA,53,52,1,0,NA,NA,NA,NA,"","","",""
151,2005,5,2,"Wicklow",NA,NA,NA,51,50,1,0,NA,NA,NA,NA,"","","",""
152,2005,5,10,"Burdwood",30,12,NA,51,51,0,0,NA,NA,NA,NA,"","","",""
153,2005,5,10,"Glacier",30,10,NA,52,52,0,0,NA,NA,NA,NA,"","","",""
154,2005,5,10,"Wicklow",30,12,NA,48,48,0,0,NA,NA,NA,NA,"","","",""
155,2005,5,16,"Burdwood",26,12,NA,48,47,1,0,NA,NA,NA,NA,"","","",""
156,2005,5,16,"Glacier",21,12,NA,50,47,3,0,NA,NA,NA,NA,"","","",""
157,2005,5,16,"Wicklow",25,13,NA,45,43,2,0,NA,NA,NA,NA,"","","",""
158,2005,5,23,"Burdwood",NA,NA,NA,53,49,4,0,NA,NA,NA,NA,"","","",""
159,2005,5,23,"Glacier",26,10,NA,48,41,7,0,NA,NA,NA,NA,"","","",""
160,2005,5,23,"Wicklow",NA,NA,NA,50,50,0,0,NA,NA,NA,NA,"","","",""
161,2005,5,30,"Burdwood",NA,NA,NA,50,49,1,0,NA,NA,NA,NA,"","","",""
162,2005,5,30,"Wicklow",NA,NA,NA,55,54,1,0,NA,NA,NA,NA,"","","",""
163,2005,6,6,"Burdwood",NA,NA,NA,44,43,1,0,NA,NA,NA,NA,"","","",""
164,2005,6,6,"Wicklow",NA,NA,NA,53,52,1,0,NA,NA,NA,NA,"","","",""
165,2005,6,14,"Burdwood",NA,NA,NA,48,48,0,0,NA,NA,NA,NA,"","","",""
166,2005,6,14,"Wicklow",NA,NA,NA,49,45,4,0,NA,NA,NA,NA,"","","",""
167,2005,6,15,"Glacier",NA,NA,NA,24,24,0,0,NA,NA,NA,NA,"","","",""
168,2005,6,20,"Burdwood",NA,NA,NA,51,51,0,0,NA,NA,NA,NA,"","","",""
169,2005,6,20,"Wicklow",NA,NA,NA,46,45,1,0,NA,NA,NA,NA,"","","",""
170,2006,3,10,"Burdwood",31,6.5,NA,29,20,9,0,NA,NA,NA,NA,"","","",""
171,2006,3,10,"Glacier",31,7.5,NA,29,20,9,0,NA,NA,NA,NA,"","","",""
172,2006,3,25,"Burdwood",31,7,NA,8,7,1,0,NA,NA,NA,NA,"","","",""
173,2006,3,25,"Glacier",28,7,NA,68,64,4,0,NA,NA,NA,NA,"","","",""
174,2006,3,28,"Burdwood",30,7.5,NA,100,88,12,0,NA,NA,NA,NA,"","","",""
175,2006,3,29,"Glacier",32,7,NA,50,30,20,0,NA,NA,NA,NA,"","","",""
176,2006,4,3,"Burdwood",32,8.36,NA,75,18,57,0,NA,NA,NA,NA,"","","",""
177,2006,4,4,"Glacier",30,8.5,NA,35,28,7,0,NA,NA,NA,NA,"","","",""
178,2006,4,5,"Wicklow",29,8,NA,26,22,4,0,NA,NA,NA,NA,"","","",""
179,2006,4,7,"Glacier",33,9,NA,55,31,24,0,NA,NA,NA,NA,"","","",""
180,2006,4,8,"Burdwood",32,8,NA,54,28,26,0,NA,NA,NA,NA,"","","",""
181,2006,4,14,"Burdwood",30.5,8,NA,112,40,72,0,NA,NA,NA,NA,"","","",""
182,2006,4,17,"Wicklow",NA,NA,NA,7,3,4,0,NA,NA,NA,NA,"","","",""
183,2006,4,22,"Burdwood",30,NA,NA,50,3,47,0,NA,NA,NA,NA,"","","",""
184,2006,4,22,"Glacier",NA,NA,NA,50,40,10,0,NA,NA,NA,NA,"","","",""
185,2006,4,25,"Wicklow",31,8.7,NA,40,3,37,0,NA,NA,NA,NA,"","","",""
186,2006,4,27,"Burdwood",30.5,8.5,NA,50,30,20,0,NA,NA,NA,NA,"","","",""
187,2006,4,28,"Glacier",30,8.4,NA,50,35,15,0,NA,NA,NA,NA,"","","",""
188,2006,5,3,"Wicklow",NA,9,NA,28,12,16,0,NA,NA,NA,NA,"","","",""
189,2006,5,4,"Burdwood",28,11,NA,50,9,41,0,NA,NA,NA,NA,"","","",""
190,2006,5,4,"Glacier",29,8.9,NA,50,45,5,0,NA,NA,NA,NA,"","","",""
191,2006,5,10,"Glacier",NA,10.34,NA,50,38,12,0,NA,NA,NA,NA,"","","",""
192,2006,5,11,"Burdwood",24,10.75,NA,50,6,44,0,NA,NA,NA,NA,"","","",""
193,2006,5,15,"Wicklow",33,10,NA,50,22,28,0,NA,NA,NA,NA,"","","",""
194,2006,5,18,"Glacier",30,12.5,NA,50,35,15,0,NA,NA,NA,NA,"","","",""
195,2006,5,19,"Burdwood",26.5,13.1,NA,49,6,43,0,NA,NA,NA,NA,"","","",""
196,2006,5,22,"Wicklow",29,11.25,NA,50,28,22,0,NA,NA,NA,NA,"","","",""
197,2006,5,25,"Burdwood",26.5,10.75,NA,40,0,40,0,NA,NA,NA,NA,"","","",""
198,2006,5,27,"Glacier",30,10,NA,50,10,40,0,NA,NA,NA,NA,"","","",""
199,2006,5,29,"Wicklow",32,11.25,NA,50,11,39,0,NA,NA,NA,NA,"","","",""
200,2006,6,2,"Burdwood",26,12.5,NA,46,5,41,0,NA,NA,NA,NA,"","","",""
201,2006,6,2,"Glacier",23,12,NA,50,38,12,0,NA,NA,NA,NA,"","","",""
202,2006,6,6,"Wicklow",24,12.5,NA,42,25,17,0,NA,NA,NA,NA,"","","",""
203,2006,6,9,"Glacier",25,12,NA,49,35,14,0,NA,NA,NA,NA,"","","",""
204,2006,6,12,"Wicklow",27,12,NA,16,1,15,0,NA,NA,NA,NA,"","","",""
205,2006,6,17,"Burdwood",25,12.8,NA,50,7,43,0,NA,NA,NA,NA,"","","",""
206,2007,3,26,"Glacier",31,7.7,NA,104,60,44,0,NA,NA,NA,NA,"","","",""
207,2007,4,7,"Burdwood",30,8.3,NA,100,56,44,0,NA,NA,NA,NA,"","","",""
208,2007,4,17,"Wicklow",30,7.75,NA,100,81,19,0,NA,NA,NA,NA,"","","",""
209,2007,4,18,"Glacier",NA,NA,NA,100,96,4,0,NA,NA,NA,NA,"","","",""
210,2007,4,24,"Burdwood",32,8.4,NA,51,51,0,0,NA,NA,NA,NA,"","","",""
211,2007,4,26,"Wicklow",33,8.4,NA,99,53,46,0,NA,NA,NA,NA,"","","",""
212,2007,4,28,"Glacier",NA,NA,NA,100,92,8,0,NA,NA,NA,NA,"","","",""
213,2007,5,2,"Burdwood",NA,NA,NA,100,90,10,0,NA,NA,NA,NA,"","","",""
214,2007,5,4,"Wicklow",NA,NA,NA,100,87,13,0,NA,NA,NA,NA,"","","",""
215,2007,5,10,"Burdwood",21,10,NA,100,53,47,0,NA,NA,NA,NA,"","","",""
216,2007,5,10,"Glacier",NA,NA,NA,100,95,5,0,NA,NA,NA,NA,"","","",""
217,2007,5,11,"Wicklow",25,11.5,NA,100,79,21,0,NA,NA,NA,NA,"","","",""
218,2007,5,15,"Burdwood",NA,NA,NA,100,81,19,0,NA,NA,NA,NA,"","","",""
219,2007,5,15,"Wicklow",32,9,NA,98,98,0,0,NA,NA,NA,NA,"","","",""
220,2007,5,17,"Glacier",NA,NA,NA,100,66,34,0,NA,NA,NA,NA,"","","",""
221,2007,5,23,"Burdwood",NA,NA,NA,100,89,11,0,NA,NA,NA,NA,"","","",""
222,2007,5,23,"Glacier",NA,NA,NA,98,74,24,0,NA,NA,NA,NA,"","","",""
223,2008,3,27,"Glacier",31,7,NA,29,16,13,0,NA,NA,NA,NA,"","","",""
224,2008,4,3,"Glacier",31,6.9,NA,92,74,18,0,NA,NA,NA,NA,"","","",""
225,2008,4,9,"Glacier",30,7,NA,100,99,1,0,NA,NA,NA,NA,"","","",""
226,2008,4,24,"Burdwood",30,8,NA,77,29,48,0,NA,NA,NA,NA,"","","",""
227,2008,4,24,"Glacier",30,7.5,NA,100,99,1,0,NA,NA,NA,NA,"","","",""
228,2008,5,10,"Glacier",24,10.5,NA,50,15,35,0,NA,NA,NA,NA,"","","",""
229,2008,5,17,"Glacier",27,27,NA,50,50,0,0,NA,NA,NA,NA,"","","",""
230,2008,5,24,"Glacier",9,27,NA,100,99,1,0,NA,NA,NA,NA,"","","",""
231,2008,5,24,"Wicklow",27,12,NA,100,87,13,0,NA,NA,NA,NA,"","","",""
232,2008,5,25,"Burdwood",25,10.5,NA,100,93,7,0,NA,NA,NA,NA,"","","",""
233,2008,5,28,"Burdwood",26,10,NA,34,33,1,0,NA,NA,NA,NA,"","","",""
234,2008,5,28,"Glacier",28,12.5,NA,98,93,5,0,NA,NA,NA,NA,"","","",""
235,2008,5,30,"Wicklow",23,12,NA,101,98,3,0,NA,NA,NA,NA,"","","",""
236,2008,6,5,"Burdwood",20,10,NA,96,87,9,0,NA,NA,NA,NA,"","","",""
237,2008,6,8,"Glacier",0,0,NA,100,91,9,0,NA,NA,NA,NA,"","","",""
238,2008,6,8,"Wicklow",28,9,NA,48,46,2,0,NA,NA,NA,NA,"","","",""
239,2008,6,15,"Wicklow",0,0,NA,100,98,2,0,NA,NA,NA,NA,"","","",""
240,2008,6,21,"Burdwood",23,10.5,NA,31,29,2,0,NA,NA,NA,NA,"","","",""
241,2008,6,21,"Glacier",23,11,NA,94,87,7,0,NA,NA,NA,NA,"","","",""
242,2008,6,23,"Wicklow",26,11,NA,13,11,2,0,NA,NA,NA,NA,"","","",""
243,2008,6,24,"Burdwood",20,13.5,NA,72,71,1,0,NA,NA,NA,NA,"","","",""
244,2008,6,24,"Glacier",20,12.5,NA,100,99,1,0,NA,NA,NA,NA,"","","",""
245,2008,6,28,"Wicklow",24,13,NA,100,100,0,0,NA,NA,NA,NA,"","","",""
246,2008,7,3,"Wicklow",0,0,NA,83,80,3,0,NA,NA,NA,NA,"","","",""
247,2008,7,4,"Wicklow",30,10.5,NA,100,89,11,0,NA,NA,NA,NA,"","","",""
248,2008,7,5,"Burdwood",25,11.5,NA,100,87,13,0,NA,NA,NA,NA,"","","",""
249,2008,7,18,"Glacier",25,13,NA,66,59,7,0,NA,NA,NA,NA,"","","",""
250,2008,7,19,"Wicklow",25,12,NA,100,94,6,0,NA,NA,NA,NA,"","","",""
251,2008,7,23,"Wicklow",26,0,NA,72,36,36,0,NA,NA,NA,NA,"","","",""
252,2008,7,31,"Glacier",24,11,NA,39,26,13,0,NA,NA,NA,NA,"","","",""
253,2009,5,11,"Burdwood",28,NA,NA,104,49,55,0,NA,NA,NA,NA,"","","",""
254,2009,5,11,"Glacier",28,NA,NA,100,91,9,0,NA,NA,NA,NA,"","","",""
255,2009,5,11,"Wicklow",20,NA,NA,100,72,28,0,NA,NA,NA,NA,"","","",""
256,2009,5,19,"Burdwood",32,9,NA,100,58,42,0,NA,NA,NA,NA,"","","",""
257,2009,5,19,"Glacier",31,9,NA,100,77,23,0,NA,NA,NA,NA,"","","",""
258,2009,5,19,"Wicklow",31,9,NA,99,49,50,0,NA,NA,NA,NA,"","","",""
259,2009,5,24,"Burdwood",29,NA,NA,100,25,75,0,NA,NA,NA,NA,"","","",""
260,2009,5,24,"Glacier",29,NA,NA,100,79,21,0,NA,NA,NA,NA,"","","",""
261,2009,5,24,"Wicklow",30,NA,NA,99,40,58,0,NA,NA,NA,NA,"","","",""
262,2009,5,30,"Wicklow",30,NA,NA,80,50,30,0,NA,NA,NA,NA,"","","",""
263,2009,6,1,"Burdwood",25,NA,NA,100,50,50,0,NA,NA,NA,NA,"","","",""
264,2009,6,2,"Glacier",30,11.5,NA,94,50,44,0,NA,NA,NA,NA,"","","",""
265,2009,6,9,"Glacier",25,13,NA,100,62,38,0,NA,NA,NA,NA,"","","",""
266,2009,6,10,"Wicklow",26,13,NA,100,80,20,0,NA,NA,NA,NA,"","","",""
267,2009,6,11,"Burdwood",22,12,NA,100,49,51,0,NA,NA,NA,NA,"","","",""
268,2009,6,15,"Wicklow",32,10,NA,57,50,7,0,NA,NA,NA,NA,"","","",""
269,2009,6,17,"Burdwood",22,16,NA,100,49,51,0,NA,NA,NA,NA,"","","",""
270,2009,6,19,"Glacier",17,15,NA,100,81,19,0,NA,NA,NA,NA,"","","",""
271,2009,6,20,"Glacier",19,NA,NA,90,48,42,0,NA,NA,NA,NA,"","","",""
272,2009,6,26,"Burdwood",19,13.5,NA,100,21,78,0,NA,NA,NA,NA,"","","",""
273,2009,6,26,"Wicklow",29,10,NA,100,98,2,0,NA,NA,NA,NA,"","","",""
274,2009,7,3,"Glacier",28,14,NA,84,44,40,0,NA,NA,NA,NA,"","","",""
275,2009,7,3,"Wicklow",28,11,NA,99,85,14,0,NA,NA,NA,NA,"","","",""
276,2009,7,4,"Burdwood",22,14,NA,72,22,50,0,NA,NA,NA,NA,"","","",""
277,2009,7,7,"Glacier",25,12.5,NA,50,48,2,0,NA,NA,NA,NA,"","","",""
278,2009,7,7,"Wicklow",26,12,NA,96,92,4,0,NA,NA,NA,NA,"","","",""
279,2009,7,16,"Wicklow",NA,NA,NA,73,54,19,0,NA,NA,NA,NA,"","","",""
280,2009,7,20,"Wicklow",27,11,NA,31,31,0,0,NA,NA,NA,NA,"","","",""
281,2009,7,30,"Wicklow",NA,NA,NA,23,12,11,0,NA,NA,NA,NA,"","","",""
282,2010,3,31,"Glacier",30,8,NA,60,30,30,0,NA,NA,NA,NA,"","","",""
283,2010,4,1,"Burdwood",30,8,NA,60,30,30,0,NA,NA,NA,NA,"","","",""
284,2010,4,9,"Burdwood",28,8,NA,60,30,30,0,NA,NA,NA,NA,"","","",""
285,2010,4,9,"Glacier",29,7,NA,52,30,22,0,NA,NA,NA,NA,"","","",""
286,2010,4,9,"Wicklow",28,8,NA,60,30,30,0,NA,NA,NA,NA,"","","",""
287,2010,4,16,"Burdwood",30,8,NA,60,30,30,0,NA,NA,NA,NA,"","","",""
288,2010,4,16,"Glacier",30,9,NA,58,30,28,0,NA,NA,NA,NA,"","","",""
289,2010,4,16,"Wicklow",30,8,NA,47,30,17,0,NA,NA,NA,NA,"","","",""
290,2010,4,23,"Burdwood",29,9,NA,61,31,30,0,NA,NA,NA,NA,"","","",""
291,2010,4,23,"Glacier",29,NA,NA,38,30,8,0,NA,NA,NA,NA,"","","",""
292,2010,4,24,"Wicklow",31,10,NA,60,31,29,0,NA,NA,NA,NA,"","","",""
293,2010,4,29,"Wicklow",32,10,NA,60,30,30,0,NA,NA,NA,NA,"","","",""
294,2010,5,1,"Burdwood",30,NA,NA,60,30,30,0,NA,NA,NA,NA,"","","",""
295,2010,5,1,"Glacier",28,NA,NA,35,30,5,0,NA,NA,NA,NA,"","","",""
296,2010,5,6,"Burdwood",28,11,NA,60,30,30,0,NA,1,NA,NA,"","","2 sticklebacks",""
297,2010,5,6,"Glacier",30,10,NA,47,30,17,0,NA,0,NA,NA,"","","4 sculpins",""
298,2010,5,6,"Wicklow",31,8,NA,35,30,5,0,NA,6,NA,NA,"","","",""
299,2010,5,14,"Burdwood",27,10,NA,100,62,38,0,NA,2,NA,NA,"","","1 shiner",""
300,2010,5,14,"Glacier",30,10,NA,100,69,31,0,NA,13,NA,NA,"","","",""
301,2010,5,14,"Wicklow",30,10,NA,100,99,1,0,NA,3,NA,NA,"","","1 sculpin",""
302,2010,5,21,"Burdwood",27,NA,NA,100,65,35,0,NA,4,NA,NA,"","","1 coho",""
303,2010,5,21,"Glacier",29,9,NA,100,86,14,0,NA,7,NA,NA,"","","sculpin",""
304,2010,5,22,"Glacier",26,10,NA,100,70,30,0,NA,2,NA,NA,"","","gunnel, 2 shrimp",""
305,2010,5,27,"Burdwood",26,11,NA,100,65,35,0,NA,0,NA,NA,"","","stickleback, kelp greenling, sculpin",""
306,2010,5,27,"Wicklow",31,9,NA,100,70,30,0,NA,1,NA,NA,"","","none",""
307,2010,5,28,"Glacier",30,9,NA,100,67,33,0,NA,1,NA,NA,"","","gunnel, kelp greenling",""
308,2010,6,4,"Burdwood",23,11,NA,60,30,30,0,NA,5,NA,NA,"","","4 coho",""
309,2010,6,4,"Glacier",26,11,NA,60,30,30,0,NA,0,NA,NA,"","","none",""
310,2010,6,4,"Wicklow",31,10,NA,45,30,15,0,NA,7,NA,NA,"","","shiner perch",""
311,2010,6,13,"Burdwood",22,12,NA,40,30,10,0,NA,2,NA,NA,"","","shiner, lumpsucker",""
312,2010,6,13,"Glacier",28,11,NA,33,30,3,0,NA,0,NA,NA,"","","none",""
313,2010,6,13,"Wicklow",27,10,NA,30,30,0,0,NA,2,NA,NA,"","","shiners, decorator crab, 1 sandlance",""
313.1,2010,6,18,"Wicklow",28,10,450,42,30,1,11,0,0,99,1,"","","lots of jellies, sockeye, 3-spine sticklebacks, pink smolts, coho smolts, 2 greenling","2 seines to try and get enough chum"
313.2,2010,6,18,"Burdwood",19,12,400,61,30,30,1,0,0,85,15,"","","3 sandlance, a few sculpins",""
313.3,2010,6,18,"Glacier",27,11,1000,44,30,14,0,0,0,99,1,"","","sandlance","2 seines to try and get enough chum, kept chum from both seines, pinks only from second"
313.4,2010,6,20,"Wicklow",30,NA,500,48,0,0,48,0,0,98,2,"","","","sampling focus only on sockeye. No measurements taken in field. Check with A. Morton re: lab results. Lethal sampling for genetic and disease analysis sent to A. Morton"
314,2011,4,1,"Burdwood",29,7,350,100,96,4,0,0,0,99,1,"","","1 sand lance, 1 sculpin",""
315,2011,4,1,"Glacier",27,7,350,100,83,17,0,0,1,95,5,"","","2 sculpin",""
316,2011,4,8,"Burdwood",32,8,650,100,59,41,0,0,1,95,5,"","","",""
317,2011,4,8,"Glacier",30,8,700,100,57,43,0,0,0,95,5,"","","1 sandlance",""
318,2011,4,15,"Glacier",30,7,7000,100,82,18,0,20,7,95,5,"","","",""
319,2011,4,16,"Burdwood",29,8,250,100,50,50,0,0,0,60,40,"","","2 sculpins",""
320,2011,4,22,"Burdwood",31,7,2000,100,50,50,0,0,0,60,40,"","","",""
321,2011,4,22,"Glacier",30,7,1500,100,68,32,0,0,4,98,2,"","","1 sand lance",""
322,2011,4,29,"Burdwood",27,9,250,100,55,45,0,0,0,60,40,"","","fish larvae, 2 silver spotted sculpin",""
323,2011,4,29,"Glacier",29,8,12000,100,50,50,0,0,1,95,5,"","","1 sandlance, 2 herring",""
324,2011,5,6,"Burdwood",28,8,750,100,50,50,0,0,11,60,40,"","","2 silverspotted sculpin, jellyfish, baby rockfish (photographed)",""
325,2011,5,6,"Glacier",29,8,1100,100,67,33,0,0,2,95,5,"","","1 herring",""
326,2011,5,6,"Wicklow",29,8,650,100,50,50,0,0,13,70,30,"","","silverspotted sculpins, jellies, plenty of larval fish",""
327,2011,5,12,"Burdwood",27,8,550,100,50,50,0,0,0,60,40,"","","silver spotted sculpin, juvenile sandlance, larval fish, jellies",""
328,2011,5,12,"Glacier",28,8,800,100,50,50,0,0,0,80,20,"","","adult sandlance, jellies",""
329,2011,5,12,"Wicklow",27,8,130,100,63,37,0,0,0,70,30,"","","larval fish, baby herring",""
330,2011,5,20,"Burdwood",23,11,400,100,66,34,0,0,0,70,30,"","","sculpin, sandlance",""
331,2011,5,20,"Glacier",30,9,3000,100,52,48,0,0,0,80,20,"","","0",""
332,2011,5,20,"Wicklow",27,11,200,100,67,33,0,0,0,80,20,"","","sculpin, crabs, 1000 pipefish, 3 sandlance, 2 herring, 10 kelp greenling",""
333,2011,5,27,"Burdwood",27,11,600,100,50,50,0,0,0,80,20,"","","3 coho, herring, stickleback, pipefish, silversided sculpin",""
334,2011,5,27,"Glacier",26,11,1500,100,85,15,0,0,2,99,1,"","","2 shiner perch, herring, greenling",""
335,2011,5,27,"Wicklow",27,11,300,100,76,24,0,0,2,90,10,"","","Herring, 1 pipe fish, greenlings, jellyfish",""
336,2011,6,3,"Burdwood",29,12,500,100,50,50,0,0,1,90,10,"","","perch, juvenile rockfish, herring",""
337,2011,6,3,"Glacier",29,14,400,100,98,2,0,0,0,99,1,"","","herring, sandlance",""
338,2011,6,3,"Wicklow",28,10,259,100,79,21,0,0,0,90,10,"","","herring, greenling, sandlance",""
339,2011,6,9,"Burdwood",24,12,500,100,53,47,0,0,0,80,20,"","","500 herring, 1 sockeye, pipefish, sculpin",""
340,2011,6,9,"Glacier",26,12,2000,100,85,15,0,0,0,99,1,"","","",""
341,2011,6,17,"Burdwood",22,13,130,100,90,10,0,0,0,95,5,"","","10 coho, 5 herring, 3 shrimp, 1 shiner perch, jelly fish",""
342,2011,6,17,"Glacier",25,11,350,100,95,5,0,0,0,98,2,"","","100 herring, 10 sandlance, 2 stickleback",""
343,2011,6,17,"Wicklow",28,10,200,100,87,13,0,3,2,90,10,"","","20 coho (might have been large chum? Oval par marks centred on lateral line, white leading edge on anal fin), 15 herring",""
344,2011,6,24,"Burdwood",9,14,200,100,51,49,0,0,0,60,40,"","","5 herring",""
345,2011,6,24,"Glacier",21,14,250,100,97,3,0,0,0,99,1,"","","20 herring, 10 shiner perch",""
346,2011,6,24,"Wicklow",22,12,250,100,83,17,0,0,0,90,10,"","","50 shiner perch, 10 coho, 5 rainbow perch, 1 large gunnel (10 cm), herring",""
347,2012,4,7,"Burdwood",30,8,200,100,22,78,0,0,0,90,10,"","","21 herring, 1 coho",""
348,2012,4,7,"Glacier",30,NA,300,66,58,8,0,0,0,99,1,"","","20 stickleback",""
349,2012,4,14,"Burdwood",30,8,300,100,50,50,0,0,0,95,5,"","","30 herring, 10 shiner perch, 10 silver spotted sculpin, 1 stickleback, 1 tube snout",""
350,2012,4,14,"Glacier",30,7.5,950,100,50,50,0,3,3,3,2,"","","",""
351,2012,4,24,"Burdwood",26,8,400,100,40,60,0,1,0,1,9,"","","",""
352,2012,4,24,"Glacier",36,7,1500,100,49,51,0,1,0,4,1,"","","",""
353,2012,5,1,"Burdwood",27,9,200,100,50,50,0,1,1,1,3,"","","",""
354,2012,5,1,"Glacier",24,7,1500,100,61,39,0,0,0,97,3,"","","",""
355,2012,5,9,"Burdwood",26,8,500,100,50,50,0,3,5,90,10,"","","",""
356,2012,5,9,"Glacier",28,8,3000,100,50,50,0,0,2,75,25,"","","4 coho, 1 sandlance",""
357,2012,5,9,"Wicklow",28,7.5,250,73,49,24,0,0,4,80,20,"","","1KG, 1 sulpin",""
358,2012,5,15,"Burdwood",28,10.5,350,100,50,50,0,1,0,25,75,"","","",""
359,2012,5,15,"Glacier",28,9.5,4000,95,50,45,0,0,0,98,2,"","","",""
360,2012,5,15,"Wicklow",30,9,200,80,51,29,0,0,0,85,15,"","","jellyfish",""
361,2012,5,22,"Burdwood",24,10.5,700,100,50,50,0,0,0,30,70,"","","",""
362,2012,5,22,"Glacier",25,10.5,5000,93,50,43,0,NA,NA,95,5,"","","4 juvenile herring, couple surf perch",""
363,2012,5,22,"Wicklow",28,9.5,250,100,50,47,3,NA,NA,60,40,"","","6 kelp greenlings, approx 80 sand lances",""
364,2012,5,29,"Burdwood",18,12,600,100,51,49,0,NA,NA,NA,NA,"","","6 coho, herring",""
365,2012,5,29,"Glacier",18,12,10000,81,50,31,0,NA,NA,95,5,"","","",""
366,2012,5,29,"Wicklow",28,9,300,61,51,9,1,NA,NA,95,5,"","","1 herring, 2 kelp greenling",""
367,2012,6,6,"Burdwood",32,12,NA,90,40,50,0,NA,NA,NA,NA,"","","",""
368,2012,6,6,"Glacier",31,9,5000,81,50,31,0,NA,NA,95,5,"","","herring",""
369,2012,6,6,"Wicklow",32,9.5,500,111,50,50,11,NA,NA,60,40,"","","",""
370,2012,6,11,"Burdwood",24,NA,450,102,51,50,1,NA,NA,40,60,"","","herring",""
371,2012,6,11,"Glacier",27,NA,700,64,50,14,0,NA,0,95,5,"","","stickleback, herring",""
372,2012,6,11,"Wicklow",27,12,600,114,51,52,11,NA,6,70,30,"","","lots of herring (10-20cm)",""
373,2012,6,20,"Burdwood",18,13,800,83,49,34,0,NA,1,70,30,"","","1 coho, lots herring",""
374,2012,6,20,"Glacier",25,11,500,84,50,34,0,NA,0,80,20,"","","few herring, 1 sandlance",""
375,2012,6,20,"Wicklow",21,12,250,126,49,51,26,NA,0,50,50,"","","few tubesnouts, some herring (10mm)",""
376,2012,6,27,"Burdwood",18,14,600,81,51,30,0,NA,1,60,40,"","","some herring, 4cohos",""
377,2012,6,27,"Glacier",20,13.5,1000,89,51,38,0,NA,NA,80,20,"","","lots of herring, dozens or more cohos",""
378,2012,6,27,"Wicklow",20,12,500,105,45,48,12,NA,0,40,60,"","","perch, few herring",""
379,2013,4,5,"Burdwood",29.1,8.7,140,100,50,50,0,NA,1,2,3,"50.78778333","126.4948667","4 sculpins",""
380,2013,4,5,"Glacier",28.8,8.2,2000,100,50,50,0,NA,1,40,7,"50.8451","126.2839167","2 sticklebacks",""
381,2013,4,5,"Wicklow",29.4,8.6,600,82,49,33,0,NA,6,20,1,"50.78758333","126.6768667","",""
382,2013,4,12,"Burdwood",27.7,8.1,1700,100,51,49,0,NA,13,20,80,"50.78778333","126.4948667","",""
383,2013,4,12,"Glacier",29.1,8.1,900,100,50,50,0,NA,2,95,5,"50.8451","126.2839167","1 shiner",""
384,2013,4,12,"Wicklow",30.1,8.1,550,100,50,50,0,NA,3,2,3,"50.8451","126.2839167","1 sculpin",""
385,2013,4,19,"Burdwood",24.3,9.6,900,100,50,50,0,NA,7,1,1,"50.78778333","126.4948667","sculpin",""
386,2013,4,19,"Glacier",28,8.4,650,100,50,50,0,NA,4,5,1,"50.8451","126.2839167","1 coho",""
387,2013,4,19,"Wicklow",26.6,9.6,950,100,50,50,0,NA,2,1,1,"50.8451","126.2839167","gunnel, 2 shrimp",""
388,2013,4,26,"Burdwood",25,9,5000,100,50,50,0,NA,1,2,3,"50.78593333","126.5018333","none",""
389,2013,4,26,"Glacier",22,8.7,4000,100,51,49,0,NA,0,4,1,"50.8451","126.2839167","stickleback, kelp greenling, sculpin",""
390,2013,4,26,"Wicklow",32,8,2000,100,50,50,0,NA,1,1,1,"50.78608333","126.6885833","gunnel, kelp greenling",""
391,2013,5,3,"Burdwood",23.4,10.3,700,100,51,49,0,NA,0,2,3,"","","none",""
392,2013,5,3,"Glacier",29.7,8.6,12000,100,49,51,0,NA,5,70,30,"","","4 coho",""
393,2013,5,3,"Wicklow",28.3,10.1,200,100,50,50,0,NA,7,NA,NA,"","","shiner perch",""
394,2013,5,10,"Burdwood",21.1,14,800,100,50,50,0,NA,0,10,90,"","","none",""
395,2013,5,10,"Glacier",28.5,10.6,800,100,48,52,0,NA,2,5,1,"","","shiner, lumpsucker",""
396,2013,5,10,"Wicklow",30.1,10,650,100,50,50,0,NA,2,1,1,"","","shiners, decorator crab, 1 sandlance",""
397,2013,5,18,"Burdwood",20.1,11.9,500,100,50,50,0,NA,NA,1,1,"50.78481667","126.5011667","coho, sculpin, bullhead",""
398,2013,5,18,"Glacier",14.7,12,6000,100,50,50,0,NA,NA,NA,NA,"50.84015","126.3009667","stickleback",""
399,2013,5,18,"Wicklow",19.9,11.7,300,100,50,50,0,NA,2,1,1,"50.78501667","126.6866167","gunnel, shiner perch, stickleback, herring, sandlance, kelp greenling",""
400,2013,5,24,"Burdwood",20.6,11.8,NA,100,50,50,0,NA,NA,NA,NA,"","","",""
401,2013,5,24,"Glacier",24,10.6,1200,100,50,50,0,NA,1,4,1,"50.8451","126.2839167","stickleback, sculpin, coho",""
402,2013,5,24,"Wicklow",29.8,9.6,350,94,50,44,0,NA,1,2,1,"50.78758333","126.6768667","gunnel, sockeye (2), sandlance",""
403,2013,5,30,"Burdwood",23.6,11.3,NA,100,51,49,0,NA,NA,NA,NA,"","","",""
404,2013,5,30,"Glacier",26.9,10.2,800,100,50,50,0,NA,NA,3,2,"50.8451","126.2839167","gunnel, coho",""
405,2013,5,30,"Wicklow",29.3,9.4,600,100,50,50,0,NA,0,NA,NA,"","","tubesnout, sockeye fry, sandlance",""
406,2013,6,7,"Burdwood",17,13.3,150,91,50,41,0,NA,1,3,2,"50.78778333","126.4948667","approx. 20 coho smolts, bull sculpin, herring",""
407,2013,6,7,"Glacier",25.5,11.2,1200,100,50,50,0,NA,1,20,1,"50.8451","126.2839167","shiner",""
408,2013,6,7,"Wicklow",26.9,11.6,600,100,51,49,0,NA,0,12,1,"50.78723333","126.6896167","gunnels, herring, sculpin, sockeye smolts",""
409,2013,6,15,"Burdwood",21.5,13.5,300,100,50,50,0,NA,0,3,2,"50.78778333","126.4948667","27 coho smolts",""
410,2013,6,15,"Glacier",23.5,13.8,4000,100,50,50,0,NA,NA,NA,NA,"50.8451","126.2839167","none",""
411,2013,6,15,"Wicklow",27.7,11.6,250,100,50,50,0,NA,0,4,1,"50.78758333","126.6768667","stickleback, herring, sockeye",""
412,2013,6,21,"Burdwood",20.2,13.8,500,100,50,50,0,NA,0,1,1,"50.78778333","126.4948667","coho smolts, herring, stickleback, sculpin",""
413,2013,6,21,"Glacier",20.1,13.5,250,64,51,13,0,NA,0,15,1,"50.8451","126.2839167","sculpin, coho smolts, approc 3000 young herring, perch; 10 herring mortalities",""
414,2013,6,21,"Wicklow",26.1,12.3,700,91,48,43,0,NA,0,17,1,"50.78758333","126.6768667","coho, stickleback",""
415,2013,6,28,"Burdwood",23.3,11.7,1500,100,50,50,0,NA,0,1,1,"50.78778333","126.4948667","sandlance, 1 herring",""
416,2013,6,28,"Glacier",20.4,12.1,150,53,50,3,0,NA,0,NA,NA,"50.8451","126.2839167","stickleback",""
417,2013,6,28,"Wicklow",26.3,11,400,105,50,50,5,NA,0,3,2,"50.78758333","126.6768667","stickleback, coho, sculpin, sockeye",""
418,2014,4,4,"Burdwood",30.7,7.8,2000,100,50,50,0,NA,NA,5,1,"50.78575","126.50315","stickleback, greenling",""
419,2014,4,4,"Glacier",31.3,7.2,800,100,50,50,0,NA,NA,4,1,"50.8449","126.3018667","sandlance, stickleback",""
420,2014,4,4,"Wicklow",31.7,8.1,100,52,50,2,0,NA,NA,50,1,"50.78795","126.6781667","none",""
421,2014,4,11,"Burdwood",28.7,8.4,500,100,50,50,0,NA,NA,3,4,"50.78586667","126.5027167","",""
422,2014,4,11,"Glacier",28.6,7.7,12000,100,49,51,0,NA,NA,20,1,"50.84436667","126.30175","",""
423,2014,4,11,"Wicklow",30.1,8.4,68,53,49,4,0,NA,NA,22,1,"50.78616667","126.6884833","sculpin,silfish?","This batch seemed very stressed, right away (even in the net). Lots of blue blotches"
424,2014,4,25,"Burdwood",29.5,8.6,2000,100,50,50,0,NA,NA,1,1,"50.7871","126.5016833","none","high mortality because fish stuck in float line"
425,2014,4,25,"Glacier",29.9,8.1,15000,100,50,50,0,NA,NA,95,5,"50.84338333","126.3061333","none",""
426,2014,4,25,"Wicklow",30.8,8.8,800,100,50,50,0,NA,NA,1,1,"50.78705","126.6899","1 gunnel",""
427,2014,5,1,"Burdwood",29.2,9.4,750,100,50,50,0,NA,NA,1,1,"50.78581667","126.5031333","little shrimp not in net, but cool",""
428,2014,5,1,"Glacier",27.6,8.1,NA,100,50,50,0,NA,NA,99,1,"50.8446","126.30185","sandlance",""
429,2014,5,1,"Wicklow",31.4,9,1500,101,50,50,1,NA,NA,80,20,"50.86476667","","none",""
430,2014,5,10,"Burdwood",23.8,11.9,3000,100,50,50,0,NA,NA,2,1,"50.78595","126.5030667","perch, juvenile sandlance",""
431,2014,5,10,"Glacier",27.1,10.6,6000,100,50,50,0,NA,NA,99,1,"50.84491667","126.3017","juvenile sandlance, 1 herring",""
432,2014,5,10,"Wicklow",29.3,10.5,800,100,50,50,0,NA,NA,2,1,"50.78735","126.6894833","perch, gunnel",""
433,2014,5,15,"Burdwood",26.3,13.2,84,82,50,32,0,NA,NA,52,32,"50.78611667","126.5013333","10 larval sandlance, 2 sculpins",""
434,2014,5,15,"Glacier",28,11,3000,100,50,50,0,NA,NA,99,1,"50.8446","126.3013667","23 coho",""
435,2014,5,15,"Wicklow",30.1,10.4,500,91,50,37,4,NA,NA,50,450,"50.78743333","126.68975","sandlance, pipefish",""
436,2014,5,22,"Burdwood",24.7,11.9,1000,100,52,48,0,NA,NA,60,40,"50.78588333","126.5036167","1 sculpin, tube-snout",""
437,2014,5,22,"Glacier",24.2,12.1,1400,86,50,36,0,NA,NA,95,5,"50.8447","126.30155","26 coho, sandlance, tube-snouts",""
438,2014,5,22,"Wicklow",24.4,11.9,700,104,50,50,4,NA,NA,80,20,"50.78706667","126.6903833","stickleback, sockeye",""
439,2014,5,31,"Burdwood",26.4,11.4,700,101,50,50,1,NA,NA,1,1,"50.78728333","126.50115","sculpin, 1 coho",""
440,2014,5,31,"Glacier",26.2,11.6,600,100,50,50,0,NA,NA,15,1,"50.84455","126.30165","shiner perch, 8 coho, 1 dolly varden, stickleback",""
441,2014,5,31,"Wicklow",27.6,11.2,NA,102,50,50,2,NA,NA,NA,NA,"","","",""
442,2014,6,6,"Burdwood",17.2,13.7,150,102,50,50,2,NA,NA,1,1,"50.78685","126.5024667","6 coho, 1 herring",""
443,2014,6,6,"Glacier",24.5,13.8,350,100,49,51,0,NA,NA,1,1,"50.84468333","126.3014333","6 coho",""
444,2014,6,6,"Wicklow",28.1,11.3,4000,102,50,50,2,NA,NA,40,1,"50.78745","126.6908833","1 herring",""
445,2014,6,12,"Glacier",21.1,14.5,350,100,50,50,0,NA,NA,2,1,"50.84485","126.3019167","coho, sculpin, stickleback, rockfish",""
446,2014,6,14,"Burdwood",23,12.1,79,79,34,45,0,NA,NA,1,1,"50.78536667","126.5026","1 coho",""
447,2014,6,14,"Wicklow",28.8,10.8,600,102,50,50,2,NA,NA,1,1,"50.7868","126.6901833","herring, gunnel, sculpin, Dolly Varden",""
448,2014,6,21,"Burdwood",24.4,12.1,350,92,41,51,0,NA,NA,1,4,"50.78595","126.5020167","3 herring, 1 larval fish",""
449,2014,6,21,"Glacier",NA,12,680,84,50,31,3,NA,NA,95,5,"50.83415","126.3027667","juvenile herring, 1 coho, stickleback, sandlance",""
450,2014,6,21,"Wicklow",26.2,11.9,500,100,50,50,0,NA,NA,3,2,"50.78688333","126.68985","2 herring, 5 coho",""
451,2014,6,29,"Burdwood",25,14,1500,100,50,50,0,NA,NA,1,2,"50.7859","126.50305","herring, coho",""
452,2014,6,29,"Glacier",26,13,150,61,50,11,0,NA,NA,14,1,"50.8448","126.3017","sandlance, herring, stickleback",""
453,2014,6,29,"Wicklow",28,14,1000,62,32,30,0,NA,NA,2,2,"50.78718333","126.6907167","herring",""
454,2015,4,4,"Burdwood",20,8.5,4000,100,50,50,0,2,4,3,1,"50.77061667","126.5016167","",""
455,2015,4,4,"Glacier",26,9,1500,80,50,30,0,1,10,50,1,"50.8451","126.2839167","",""
456,2015,4,4,"Wicklow",30,9,800,100,51,49,0,2,4,70,30,"50.78758333","126.6768667","",""
457,2015,4,10,"Burdwood",28,NA,500,84,50,34,0,50,NA,10,1,"50.95445","","",""
458,2015,4,10,"Glacier",28,NA,1600,100,50,50,0,0,9,1530,50,"","","",""
459,2015,4,10,"Wicklow",27,9.5,500,80,50,30,0,3,2,9,1,"50.78713333","126.6895167","sculpins, coho",""
460,2015,4,18,"Burdwood",28.2,9.4,1000,100,50,50,0,0,1,4,1,"50.78605","126.5016","",""
461,2015,4,18,"Glacier",29,9.6,5000,65,50,15,0,0,20,100,1,"50.8447","126.3019333","",""
462,2015,4,18,"Wicklow",28.8,9.2,1200,100,50,50,0,1,33,9,1,"50.78605","126.6887667","pipefish, sandlancex2, sculpin","Most morts in one bucket, coul dit have been contamited?"
463,2015,4,24,"Burdwood",25.7,9.2,1000,100,50,50,0,0,0,7,3,"50.78605","126.50165","",""
464,2015,4,24,"Glacier",28.9,9.1,230,52,50,2,0,1,3,115,1,"50.84481667","126.3016167","silver spotted sculpin (2), jelly fish(~30), sandlance (with lice!)",""
465,2015,4,24,"Wicklow",28.2,9.9,1500,100,50,50,0,1,0,15,1,"50.78791667","126.6916167","",""
466,2015,4,30,"Burdwood",27.2,10,850,85,50,35,0,0,0,850,35,"50.78593333","126.5011667","",""
467,2015,4,30,"Glacier",26.4,9.8,1750,55,50,5,0,0,2,300,1,"50.84491667","126.3018","",""
468,2015,5,1,"Wicklow",28.2,9.6,125,64,50,14,0,0,2,3,1,"50.8451","","sculpin, sand lance, shrimp",""
469,2015,5,8,"Burdwood",28,12.1,1000,54,48,6,0,1,0,250,1,"50.78778333","126.4948667","",""
470,2015,5,8,"Glacier",28.8,10.7,50,51,50,1,0,2,4,500,1,"50.8451","126.2839167","2000 sand lance, 2 unknown",""
471,2015,5,8,"Wicklow",29,9.9,600,81,50,31,0,NA,NA,20,1,"50.8451","","200 sandlance, 5 sculpins",""
472,2015,5,14,"Burdwood",26.2,11.6,750,74,50,24,0,0,1,30,1,"50.78778333","126.4948667","6 sculpin",""
473,2015,5,14,"Glacier",28.4,10.9,6500,52,50,2,0,0,3,1000,1,"50.8451","126.2839167","",""
474,2015,5,14,"Wicklow",29.6,10.3,550,82,50,32,0,3,1,55,3,"50.8451","","gunnel, 1000 sandlance, 5 sculpin",""
475,2015,5,22,"Burdwood",29,11.5,100,61,50,11,0,1,2,89,11,"50.78575","126.5017333","2 crabs, decorator crab, 10 shiner, 2 sculpins",""
476,2015,5,22,"Glacier",30,11,600,52,50,2,0,2,NA,300,1,"50.84745","126.3093333","",""
477,2015,5,22,"Wicklow",31,10.5,400,90,50,40,0,1,0,8,1,"50.78788333","126.6914667","2 urchins, sandlance, sculping, 20 prawns",""
478,2015,5,29,"Burdwood",23,13,2500,100,51,49,0,0,5,98,2,"50.78778333","126.4948667","sockeye, 2 gunnels, 4 perch, 3 spined stickleback",""
479,2015,5,29,"Glacier",27,12,400,54,51,3,0,0,1,100,1,"50.8451","126.2839167","",""
480,2015,5,29,"Wicklow",27,11,1000,66,50,16,0,50,1,50,1,"50.78778333","126.6768667","",""
481,2015,6,5,"Burdwood",24,13.5,500,63,50,13,0,0,0,487,13,"50.78778333","126.4948667","Dungeness, 10 shrimp, sea cucumber, 2 sculpins",""
482,2015,6,5,"Glacier",27,12,600,62,50,11,1,1,2,60,1,"50.84738333","126.3094333","tons of baby sand lance, tube snouts, perch, sculpins",""
483,2015,6,5,"Wicklow",27,12,400,79,50,26,3,4,0,12,1,"50.78841667","126.6920333","",""
484,2015,6,12,"Burdwood",24,13.9,400,54,50,4,0,0,0,100,1,"50.78758333","126.4948667","",""
485,2015,6,12,"Glacier",27,12.3,450,53,50,3,0,0,0,150,1,"50.8451","126.2839167","",""
486,2015,6,12,"Wicklow",28,11.1,700,51,50,1,0,1,0,100,1,"50.78758333","126.6768667","",""
487,2015,6,19,"Burdwood",NA,13.7,NA,52,49,3,0,0,10,NA,NA,"50.78758333","126.4948667","",""
488,2015,6,19,"Glacier",27,12.2,250,52,50,2,0,0,0,100,1,"50.8451","126.2839167","10 coho",""
489,2015,6,19,"Wicklow",21,12.5,600,57,50,7,0,0,0,70,1,"50.78758333","126.6768667","stickleback, sockeye, herring, coho",""
490,2015,6,26,"Burdwood",16,16.2,53,50,50,0,0,1,0,1,0,"50.78758333","126.4948667","",""
491,2015,6,26,"Glacier",16.1,16,200,52,50,2,0,0,0,100,1,"50.8451","126.2839167","",""
492,2015,6,26,"Wicklow",24.1,14.1,360,64,50,14,0,0,10,70,1,"50.78758333","126.6768667","",""
493,2016,4,10,"Glacier",29.8,9.4,950,100,48,52,0,0,0,3,1,"50.84473","126.30168","none","farm fully stocked, """"""""""""""""Orca warrior"""""""""""""""" present"
494,2016,4,10,"Burdwood",29.7,9.1,500,100,50,50,0,3,1,1,3,"50.80282","126.45575","1 pipefish","half the pens stocked with smolts 6-8"""""""""""""""""
495,2016,4,10,"Wicklow",30.6,9,450,100,50,50,0,1,5,1,3,"50.78722","126.68972","none","missed first set, made another. Empty but setting up for stocking"
496,2016,4,15,"Glacier",29.3,9.4,600,100,49,51,0,3,1,3,1,"50.84458","126.30168","none","fully stocked, adult fish"
497,2016,4,15,"Burdwood",16.8,9.8,450,100,50,50,0,1,1,1,3,"50.78598","126.50317","juvenile sandlance","half stocked, stocked with smolts"
498,2016,4,15,"Wicklow",NA,NA,0,0,0,0,0,NA,NA,NA,NA,"","","n/a","no fish found, searched 45 minutes +, preparing to stock, predator nets on"
499,2016,4,20,"Glacier",29.2,9.9,650,100,50,50,0,2,7,5,1,"50.84467","126.30185","sand lance","fully stocked, adults "
500,2016,4,20,"Burdwood",25,10.5,300,100,50,50,0,1,1,2,1,"50.78623","126.50323","1 coho smolt","farm half stocked, smolts"
501,2016,4,20,"Wicklow",24.6,9.3,200,100,50,50,0,1,0,1,1,"50.7874","126.69033","1 pipefish","Pred nets up, fully stocked with juveniles"
502,2016,4,27,"Glacier",26.8,10.7,500,100,50,50,0,3,1,2,1,"50.84468","126.30196","100+ juvy sandlance","fully stocked, adults "
503,2016,4,27,"Burdwood",23.6,10.5,650,100,50,50,0,0,1,1,1,"50.78572","126.50271","none","1/2 stocked, smolts "
504,2016,4,27,"Wicklow",26.9,9.9,850,100,50,50,0,0,0,1,1,"50.78708","126.68987","sockeye","first set released, low fish (<100)"
505,2016,5,4,"Glacier",28.2,10.7,400,100,50,50,0,3,2,2,1,"50.84466","126.30177","none","fully stocked with adults"
506,2016,5,4,"Burdwood",24.5,12.7,96,93,47,48,0,2,3,1,1,"50.78722","126.5002","sculpin","Half stocked with smolts"
507,2016,5,4,"Wicklow",28.8,9.8,200,100,50,50,0,0,0,1,1,"50.78781","126.68979","3 junenvile sandlances","spent >1 hour looking for fish, farms fully stocked with smolts "
508,2016,5,11,"Glacier",NA,NA,0,0,0,0,0,NA,NA,NA,NA,"","","","fully stocked with adults, searched for 45 mins - no fish - usual + Watson Cove "
509,2016,5,11,"Burdwood",26.9,12.2,700,100,50,50,0,0,0,7,3,"50.78731","126.50018","N/A","Half stocked with big smolts"
510,2016,5,11,"Wicklow",29.9,10.2,550,100,50,50,0,1,2,3,2,"50.78712","126.68957","4 sockeye, stickleback ","Fully stocked with smolts"
511,2016,5,18,"Burdwood",20.6,13,91,82,32,59,0,0,0,1,2,"50.78602","126.5015","1 sculpin","searched for 45 mins, new tarp system ready for deployment at farm, half stocked with large smolts, dive boat present "
512,2016,5,18,"Wicklow",28.5,10.8,150,91,50,41,0,0,0,3,2,"50.78534","126.68802","1 sculpin, 15 sticklebacks, 1 gunnel, 14 sockeyes","fully stocked with large smolts"
513,2016,5,18,"Glacier",20.7,12.2,116,91,50,41,0,0,0,66,41,"50.84472","126.30183","1 sculpin, 2 sticklebacks","fully stocked with adults"
514,2016,5,26,"Burdwood",22.5,12.9,73,72,44,28,0,0,0,44,28,"50.79516","126.4803","100+ juvy sandlance, 3 sculpins","Half stocked with big smolts"
515,2016,5,26,"Glacier",28.1,11.4,59,59,23,36,0,1,NA,23,36,"50.84457","126.30161","2 sticklebacks","fully stocked with adults"
516,2016,5,26,"Wicklow",29,10.6,NA,0,0,0,0,NA,10,NA,NA,"50.78724","126.6897","","Fully stocked smolts, set aborted due to weather"
517,2016,6,1,"Wicklow",27.1,14.5,160,100,50,50,0,0,0,5,7,"50.7855","126.68803","1 sculpin, 1 herring, 4 sockeye, 2 greenling ","Fully stocked, juvenile "
518,2016,6,1,"Burdwood",19.5,14.4,200,100,50,50,0,0,0,1,1,"50.79266","126. 48098","1 coho smolt","searched for one hour - first set unsuccessful, farm half stocked with smolts "
519,2016,6,1,"Glacier",25.8,13.4,72,60,50,10,0,0,0,6,1,"50.8447","126.30211","1 dead herring, 1 stickleback","fully stocked with adults"
520,2016,6,8,"Wicklow",28.9,10.8,51,49,25,24,0,0,0,1,1,"50.78677","126.68996","1 junvile greenling, 3 herring, 3 sockeyes ","fully stocked, feeding taking place, set twice "
521,2016,6,8,"Burdwood",28.1,11.8,145,102,50,50,2,1,1,1,2,"50.79332","126.48027","","feeding, half stocked, adults "
522,2016,6,8,"Glacier",28,11.5,8,8,4,4,0,0,0,1,1,"50.84466","126.30156","400 sandlance, 300 herring ","fully stocked with adults, set twice "
523,2016,6,15,"Wicklow",26.8,12.1,58,56,39,17,2,0,1,39,17,"50.78615","126.6883","12 tube snouts, 5 perch, 1 gunnel, 2 sculpins, 500+ sandlance ","Fully stocked"
524,2016,6,15,"Burdwood",22.3,13.6,22,22,12,10,0,0,0,1,1,"50.79261","126.48116","500_ herring","Dive boat present, fully stocked with smolts "
525,2016,6,15,"Glacier",26,12.9,200,57,51,6,0,2,3,20,1,"50.84747","126.8095","200 + herring, 1 sculpin","fully stocked with adults"
526,2016,6,22,"Glacier",26.1,12.5,3,3,3,0,0,0,0,1,0,"50.84477","126.30144","400 + sticklebacks, 20 herrings, 1 pipefish","Orca warrior present, farm fully stocked with adults, looked at Gormly Point, Watson Cove, few scattered salmon but no settable school, around corner in nook lots of stickleack, herring - no salmon "
527,2016,6,22,"Burdwood",26.2,12.8,90,72,61,16,0,2,0,51,16,"50. 79218","126.48046","none","Feeding, half stocked, medium to large smolts "
528,2016,6,22,"Wicklow",28.5,11.7,450,81,50,31,0,3,0,5,2,"50.78552","126.68827","none","Fully stocked with smolts"
529,2017,3,30,"Glacier",NA,NA,0,0,0,0,0,NA,NA,NA,NA,"","","","50 min search, no fry, all but one pen at farm stocked, smolts, normal activity"
530,2017,3,30,"Burdwood",NA,NA,0,0,0,0,0,NA,NA,NA,NA,"","","","no fry in Fry bay, 1 single salmon fry observed in 50 min search, cleaning net pens at farm, fish close to harvest size"
531,2017,3,30,"Wicklow",NA,NA,0,0,0,0,0,NA,NA,NA,NA,"","","","poor visibility due to wave action, farm fully stocked, large fish, normal activity"
532,2017,4,6,"Glacier",27.7,7.6,0,0,0,0,0,NA,NA,NA,NA,"50.84712","126.3094","","fully stocked, smolts, one pen with sign saying """"""""""""""""treatment in progress"""""""""""""""""
533,2017,4,6,"Burdwood",29.8,7.7,75,53,3,50,0,0,0,1,25,"50.8028","126.45533","1 sculpin","fully stocked, harvest size fish, vaccumming pens"
534,2017,4,6,"Wicklow",29.6,7.8,0,0,0,0,0,NA,NA,NA,NA,"50.78747","126.69041","","fully stocked, medium size fish, normal operations"
535,2017,4,13,"Glacier",28.2,7.7,0,0,0,0,0,NA,NA,NA,NA,"50.84761","126.30917","","fully stocked, smolts, one pen with sign saying """"""""""""""""treatment in progress"""""""""""""""""
536,2017,4,13,"Burdwood",29.4,8,1000,100,50,50,0,1,20,1,1,"50.78584","126.50229","1 kelp greenling, 1 shrimp","fully stocked, harvest size fish, normal operations"
537,2017,4,13,"Wicklow",30.1,8.2,400,100,50,50,0,0,0,1,1,"50.78722","126.68948","11 pipefish, 1 kelp greenling","fully stocked, medium size fish, emptying mort totes under progress"
538,2017,4,20,"Glacier",27.7,8.4,120,55,50,5,0,0,1,1,23,"50.84488","126.30175","2 sandlance larvae, 1 coho","fully stocked, smolts, 1 pen treatment in progress"
539,2017,4,20,"Burdwood",29.8,8.6,1500,100,50,50,0,1,0,3,2,"50.78593","126.50166","none","fully stocked, close to harvest size fish, feeding, regular activity"
540,2017,4,20,"Wicklow",30,9.8,500,100,50,50,0,0,1,5,2,"50.78748","126.69057","45 tube snouts","fully stocked, medium size fish, normal operations"
541,2017,4,27,"Glacier",28.9,8.4,27,27,26,1,0,1,3,26,1,"50.84449","126.30178","none","fully stocked, smolts, divers in one pen"
542,2017,4,27,"Burdwood",28.7,9,1000,100,50,50,0,0,1,50,50,"50.78584","126.50173","none","fully stocked, harvest size fish, normal operations"
543,2017,5,4,"Glacier",27.4,9,100,85,50,35,0,0,0,3,2,"50.84478","126.30177","12 sandlance and 1 urchin","fully stocked with smolts, normal operations "
544,2017,5,4,"Burdwood",27.8,9.8,3000,100,50,50,0,0,1,4,1,"50.78562","126.50249","1 sculpin 10 sandlance","fully stocked, adults, normal operations, harvest ready "
545,2017,5,4,"Wicklow",28.7,10.4,400,100,50,50,0,0,1,2,1,"50.78801","126.67802","2 junvenile rockfish, 1 prawn, 2 tube snouts ","Fully stocked, medium sized fish - Grand Slam Badinotti boat present (net company)"
546,2017,5,11,"Glacier",26.3,10.4,300,100,50,50,0,0,0,1,1,"50.84468","126.30167","","fully stocked smolts, normal operations "
547,2017,5,11,"Burdwood",22.7,10.6,2000,100,50,50,0,0,0,1,1,"50.78595","126.50185","Juvenile sandlance","fully stocked, harvest size fish, normal operations"
548,2017,5,11,"Wicklow",27.7,9.5,150,78,49,29,0,2,1,5,1,"50.78738","126.67659","1 coho, 1 sculpin, 3 pipefish, 1 shrimp, 1 red rock crab ","did not drive past farm due to licence issues"
549,2017,5,18,"Glacier",NA,NA,NA,0,0,0,0,NA,NA,NA,NA,"","","","fully stocked, Badinotti boat present (different from Grand Slam) - no fish found, searched for 35 minutes, searched usual spots and Watson Cove "
550,2017,5,18,"Burdwood",19.8,12.4,1200,100,50,50,0,0,0,7,3,"50.78282","126.50249","none","fully stocked medium sized"
551,2017,5,18,"Wicklow",25.7,11.18,300,83,50,33,0,0,0,9,1,"50.78785","126.67852","1 gunnel, 1 stickleback, 2 shrimp 1 sockeye","fully stocked, medium sized fish, normal operations "
552,2017,5,25,"Glacier",26.1,10.7,60,60,45,15,0,0,0,3,1,"50.8488","126.30211","junveile rockfish","feeding, full pens, smolts "
553,2017,5,25,"Burdwood",24.9,11.5,175,75,25,50,0,0,0,1,6,"50.7861","126.50176","6 sculpins, 1 sandlance, 1 dolly varden","fully stocked, harvest size, normal operations "
554,2017,5,25,"Wicklow",29.5,11,275,74,50,22,2,0,0,11,1,"50.78312","126.70522","1 coho","fully stocked, medium sized, noraml operations "
555,2017,6,1,"Glacier",23.8,11.8,1000,100,50,50,1,0,0,7,3,"50.84459","126.30159","10 green urchins, 1 sockeye","Restless Bite boat and barge present, fully stocked "
556,2017,6,1,"Burdwood",18.9,13,400,100,50,50,0,0,1,2,3,"50.78571","126.50222","5 sandlance",""
557,2017,6,1,"Wicklow",26.4,10.9,200,67,50,17,5,0,1,10,1,"50.7879","126.67739","5 sockeye","normal operations, medium sized, feeding, fully stocked "
558,2017,6,8,"Glacier",19.8,13.9,26,26,12,14,0,0,1,1,1,"50.84457","126.30173","20 shiner perch","fully stocked normal operations"
559,2017,6,8,"Burdwood",17,14.5,23,22,12,9,1,1,0,5,3,"50.78598","126.50168","sculpin, 1 sockeye","fully stocked, harvest size fish, normal operations"
560,2017,6,8,"Wicklow",24.4,12.4,100,67,50,17,0,0,0,4,1,"50.78798","126.67738","Herring","fully stocked medium sized fish"
561,2017,6,22,"Glacier",24.1,11.8,17,16,10,6,1,0,0,5,2,"50.84462","126.30168","1 sockeye","fully stocked, medium sized, noraml operations "
562,2017,6,22,"Burdwood",17.8,14.1,0,0,0,0,0,NA,NA,NA,NA,"50.78604","126.50136","","fully stocked, harvest size fish, normal operations"
563,2017,6,22,"Wicklow",24.6,11.8,400,107,50,42,15,0,0,2,1,"50.78768","126.67888","15 sockeye","Orca Warrior and Wave Raker present, fully stocked medium sized fish"
564,2017,6,29,"Glacier",22.4,14,0,0,0,0,0,NA,NA,NA,NA,"50.84906","126.30195","","1 new building at farm, fully stocked, small fish, normal operations, smelly mort float"
565,2017,6,29,"Burdwood",19.6,15.4,5,5,5,0,0,0,0,5,0,"50.80244","126.45692","none","fully stocked, harvest size fish, normal operations"
566,2017,6,29,"Wicklow",26.3,11.2,400,60,30,30,3,3,8,1,1,"50.78623","126.6843","3 sockeye","fully stocked, medium size fish, normal operations"
567,2018,4,6,"Glacier",32.3,8,NA,NA,NA,NA,NA,NA,NA,NA,NA,"50.84445","126.30143","","set, but no fish, farm fully stocked, small adults"
568,2018,4,6,"Burdwood",32.4,8.2,NA,NA,NA,NA,NA,NA,NA,NA,NA,"50.80257","126.45583","","search for 70 mins, school of ~125 but uncatcable, farm almost fully stocked, big smolts"
569,2018,4,6,"Wicklow",NA,NA,NA,NA,NA,NA,NA,NA,NA,NA,NA,"","","","search 50 mins, nothing seen, "
570,2018,4,14,"Glacier",29,8,150,62,50,12,NA,1,0,11,1,"50.8473","126.30972","1 sandlance, 1 gunnel, 1 shrimp","small adults, pens fully stocked"
571,2018,4,14,"Burdwood",29.5,8.5,200,51,50,1,NA,0,2,199,1,"50.80275","126.45555","","2 pens empty, smolts, no mort totes"
572,2018,4,14,"Wicklow",NA,NA,NA,NA,NA,NA,NA,NA,NA,NA,NA,"","","","Vessel: force II along side with blue hoses in the water"
573,2018,4,21,"Glacier",28.3,8,NA,NA,NA,NA,NA,NA,NA,NA,NA,"50.8398","126.31399","","30 minute search, good visibility no fish present. Farm is fully stocked, service vessels present."
574,2018,4,22,"Burdwood",28.6,8.2,100,68,50,18,NA,0,0,5,1,"50.78592","126.50135","50 sandlance, 1 sculpin",""
575,2018,4,22,"Wicklow",28.6,9.1,400,80,50,30,NA,0,4,11,1,"50.78791","126.67896","1 sandlance",""
576,2018,4,28,"Glacier",22.8,9.8,NA,NA,NA,NA,NA,NA,NA,NA,NA,"50.8495","126.30501","","Farm fully stocked, searched for 40 min, nothing seen."
577,2018,4,28,"Burdwood",29.1,9.8,600,99,50,49,NA,8,0,11,1,"50.78594","126.50206","2 sculpin","Farm partially stocked"
578,2018,4,28,"Wicklow",27.8,9.2,47,47,46,1,NA,0,0,46,1,"50.78763","126.67803","4 kelp greenlings, 5 sandlance","Fully stocked, pred nets up, smolts present"
579,2018,5,5,"Glacier",25.9,10.2,NA,NA,NA,NA,NA,NA,NA,NA,NA,"50.84961","126.30498","","Small adults, normal activity, fully stocked."
580,2018,5,5,"Burdwood",26,11,1500,75,50,25,NA,NA,55,100,1,"50.78581","126.50204","","Regular activity, partially stocked with smolts, pred nets on all but two, auto-feeding."
581,2018,5,5,"Wicklow",25.6,12.6,400,68,50,18,NA,1,1,20,1,"50.7869","126.67566","2 gunnels, 2 sculpins, 2 warbonnets, 2 perch","Vessel: g force II on site, second service vessel, small adults, auto-feeding, all pens fully stocked"
582,2018,5,12,"Glacier",3.5,11.1,NA,NA,NA,NA,NA,NA,NA,NA,NA,"50.84942","126.30315","","all pens pred nets, auto feeding, boat(KY Sea), normal activity, 50 min search time, no fish caught"
583,2018,5,12,"Burdwood",23,14.3,250,100,50,50,NA,2,0,2,3,"50.78597","126.50155","","Partially stocked smolts"
584,2018,5,12,"Wicklow",28.2,11.1,200,63,50,13,NA,0,0,18,1,"50.78668","126.67548","10 Sandlance, 2 shrimp, hermit crab","fully stocked, feeding, crew boat"
585,2018,5,19,"Glacier",16.7,12.5,NA,NA,NA,NA,NA,NA,NA,NA,NA,"50.84975","126.30215","","Saw two schools totalling 20 fish. Search time 40 mins. Farm auto-feeding. Medium to large size adults."
586,2018,5,19,"Burdwood",27.6,10.7,400,100,50,50,NA,0,0,6,1,"50.79083","126.48638","3 sockeye","Smolt size, 3/4 stocked"
587,2018,5,19,"Wicklow",29.6,10.2,80,59,49,6,NA,0,0,15,1,"50.78717","126.67672","2 greenlings, 2 sculpins, 2 shrimp, 1 sandlance","Workers present, feeding, smolts. "
588,2018,5,25,"Glacier",22.9,13.1,NA,NA,NA,NA,NA,NA,NA,NA,NA,"50.84997","126.3024","","medium to large size adults, fully stocked, workers present, search time 30 min, no fish found, worker """"""""""""""""Greg"""""""""""""""" followed us for full search and videotaped"
589,2018,5,25,"Burdwood",17.8,13,300,101,50,50,NA,0,0,6,1,"50.78598","126.50137","1 sculpin","feeding, 3/4 stocked, small adults"
590,2018,5,25,"Wicklow",27.2,11.5,NA,NA,NA,NA,NA,NA,NA,NA,NA,"50.78642","126.68085","","hand feeding, fully stocked, auto feeding, young adults, search time 90 min, small schools were found in unsettable locations, 1 set attempted, fish not caught"
591,2018,6,2,"Glacier",17.2,13.7,62,62,31,19,12,1,0,2,3,"50.84795","126.30408","1 pipefish","Heavy mort tote, large adults, fully stocked, juvenile salmon jumping outside of farm."
592,2018,6,2,"Burdwood",20.6,13.4,120,87,50,36,1,0,0,5,3,"50.78598","126.5016","4 sculpin, 1 crab","Auto-feeding, small adults, 3/4 stocked"
593,2018,6,2,"Wicklow",28.1,10.7,80,56,49,5,2,0,0,16,1,"50.78755","126.67838","1 shrimp, 100 sandlance, 2 yellow-sided perch, 2 silver-spotted sculpin","Large juveniles, hand-feeding, G-Force II vessel on-site, fine mesh netting hung along perimeter of netpens "
594,2018,6,8,"Glacier",18.3,12,NA,NA,NA,NA,NA,NA,NA,NA,NA,"50.84405","126.30197","","Mort tote full, dive boat present, adult fish, 1 blind set in usual bay, caught 1 coho, search time 70 min"
595,2018,6,8,"Burdwood",22.2,11.8,136,100,50,50,0,0,0,5,2,"50.78597","126.5016","1 jellyfish","small adults/large juveniles, feeding, 3/4 stocked"
596,2018,6,8,"Wicklow",24.1,11.3,97,57,50,5,2,0,0,20,1,"50.78647","126.67613","1 shrimp","feeding, small adults, fully stocked, maintenance netting present"
597,2018,6,18,"Glacier",29.3,10.9,NA,NA,NA,NA,NA,NA,NA,NA,NA,"50.84802","126.30452","","Loaded mort float, adult fish, auto-feeding, prawn boat beside farm, blind set on east side of Watson Cove, no fish found"
598,2018,6,18,"Burdwood",26.8,13.2,43,43,17,26,0,0,0,3,5,"50.7857","126.50215","4 coho, 50 sandlance, 4 crabs","3/4 stocked, large juveniles, auto-feeding"
599,2018,6,18,"Wicklow",29.5,12.7,27,26,21,5,0,0,0,4,1,"50.78775","126.67785","1 dolly varden, 2 stickleback","Outside netting hung down from sides of pens, fully stocked with juveniles. Did one set to catch 27, was going to do a second to top up but it became too windy"
600,2018,6,23,"Glacier",26.4,14.5,NA,NA,NA,NA,NA,NA,NA,NA,NA,"50.84817","126.30255","","Caught four salmon in blind set. Full mort tote. Fully stocked with adults. 40 minute search time."
601,2018,6,23,"Burdwood",NA,NA,NA,NA,NA,NA,NA,NA,NA,NA,NA,"","","","3/4 stocked small adults. Forgot to take salinity, temperature, GPS. 30 minute search time. "
602,2018,6,23,"Wicklow",28,12.5,77,75,41,31,3,0,0,4,3,"50.7881","126.67813","","Smolts, auto-feeding, outer nets down. "
603,2018,6,29,"Glacier",NA,NA,NA,NA,NA,NA,NA,NA,NA,NA,NA,"","","","Fully stocked with large adults, normal activity, mort tote looks heavily loaded. "
604,2018,6,29,"Burdwood",NA,NA,NA,NA,NA,NA,NA,NA,NA,NA,NA,"","","","3/4 stocked with small adults, normal activity. "
605,2018,6,29,"Wicklow",23,12.5,150,99,50,49,0,0,0,3,2,"50.78747","126.67915","Ctenophores","Outer nets down, auto-feeding, fully stocked with smolts, crew boat present. Took temp/sal data with refractometer and thermometer (forgot YSI). "
606,2019,4,1,"Glacier",NA,NA,200,56,50,6,0,0,0,10,1,"","","1 Greenling","""""""""""""""""Farm structure but no fish"""""""""""""""""
607,2019,4,1,"Burdwood",NA,NA,45,45,15,30,0,0,0,1,2,"","","","""""""""""""""""Farm fully stocked"""""""""""""""""
608,2019,4,1,"Wicklow",NA,NA,0,0,NA,NA,NA,NA,NA,NA,NA,"","","","""""""""""""""""No juvenile fish seen"""""""""""""""""
609,2019,4,8,"Glacier",NA,NA,500,69,50,19,0,0,0,5,2,"","","","""""""""""""""""Dipped fish directly with large net"""""""""""""""""
610,2019,4,8,"Burdwood",NA,NA,800,100,50,50,0,0,0,1,1,"","","",""
611,2019,4,8,"Wicklow",NA,NA,0,0,NA,NA,NA,NA,NA,NA,NA,"","","","""""""""""""""""No juvenile fish seen"""""""""""""""""
612,2019,4,15,"Glacier",30,8.8,200,62,50,12,0,1,0,19,1,"50.8446","126.30152","none","No fish, barge present, towing farm structure"
613,2019,4,15,"Burdwood",30.4,9.2,330,100,50,50,0,1,0,1,3,"50.78778","126.49345","","""""""""""""""""Fully stocked, juvenile farm fish"""""""""""""""""
614,2019,4,15,"Wicklow",30.5,8.9,0,0,NA,NA,NA,NA,NA,NA,NA,"50.78302","126.70298","","""""""""""""""""Pred nets on, Badinotti (Bravo III) present, fully stocked, young adults, feeding"""""""""""""""""
615,2019,4,24,"Glacier",30.6,8.4,450,99,50,49,0,2,0,9,1,"50.84482","126.3019","","""""""""""""""""No farm, farm has been moved to upper retreat"""""""""""""""""
616,2019,4,23,"Burdwood",28.8,9,500,100,50,50,0,2,0,1,1,"50.7857","126.50203","1 sandlance","""""""""""""""""Dive boat on site, 2 barges at farm, offloading big pallets (fish food?), fully stocked, feeding, small adults"""""""""""""""""
617,2019,4,23,"Wicklow",31.3,8.6,0,0,NA,NA,NA,NA,NA,NA,NA,"50.78653","126.67613","","""""""""""""""""Fully stocked with adults, pred nets on, feeding in some pens, saw two schools of 30 fish swimming deep and fast, blind set where we saw the second school but caught no fish"""""""""""""""""
618,2019,4,28,"Glacier",30,12,500,100,50,50,0,2,0,2,1,"50.84755","126.30885","1 poacher, 20 sandlance","No farm, brought YSI tote but forgot YSI, so used thermometer and refractometer for surf temp and sal"
619,2019,4,28,"Burdwood",29,19,800,100,50,50,0,1,0,2,1,"50.78598","126.50183","3 sculpin","fully stocked"
620,2019,4,28,"Wicklow",28,8.9,850,100,50,50,0,0,0,2,1,"50.78775","126.67688","1 worm, 10 sandlance, 1 sculpin","adult fish, fully stocked"
621,2019,5,6,"Glacier",29.7,10.4,1500,100,50,50,0,2,0,1,1,"50.84755","126.30877","5 sandlance","No farm"
622,2019,5,6,"Burdwood",29.7,10.5,700,100,50,50,0,1,0,5,4,"50.78595","126.50215","1 sandlance","Farm fully stocked, feeding, large adults"
623,2019,5,6,"Wicklow",29.2,9.4,NA,NA,NA,NA,NA,NA,NA,NA,NA,"","","","Fully stocked, very large fish, saw no fish at either low or medium tides (searched twice), combined search time 90 min"
624,2019,5,13,"Glacier",27.6,12.4,1000,100,50,50,0,6,0,3,2,"50.84785","126.30882","0","No farm"
625,2019,5,13,"Burdwood",27.9,11.7,1000,100,50,50,0,1,0,1,1,"50.78625","126.50158","1 herring","fully stocked adult fish"
626,2019,5,13,"Wicklow",30.3,10.1,37,37,30,7,0,0,0,4,1,"50.78657","126.67565","0","fully stocked large adults some feeding"
627,2019,5,18,"Glacier",26,11,250,100,50,50,0,2,0,4,1,"","","0","No farm"
628,2019,5,18,"Burdwood",21,11,415,100,50,50,0,1,0,3,2,"50.78593","126.50156","herring","fully stocked, adults"
629,2019,5,18,"Wicklow",25,11,0,0,0,0,0,0,0,0,0,"","","","fully stocked large adults"
630,2019,5,27,"Glacier",21.2,16.7,12,12,6,6,0,0,0,1,1,"50.836583","126.302467","~500 sandlance, 1 sculpin","No farm"
631,2019,5,27,"Burdwood",NA,NA,10000,43,25,18,0,100,0,15,1,"50.785833","126.501217","none","fish farm anti predatornets lots of jumping"
632,2019,5,27,"Wicklow",26.8,11.5,0,0,0,0,0,0,0,0,0,"50.788883","126.6774","none","adult fish, fully stocked, Anti predator nets"
633,2019,6,3,"Glacier",25.1,13.2,94,79,50,29,0,3,0,65,29,"50.84555","126.310556","1 stickleback","no farm"
634,2019,6,3,"Burdwood",19.5,15,73,53,50,3,0,0,0,70,3,"50.785883","126.503","none","adult fish, fully stocked, Anti predator nets"
635,2019,6,3,"Wicklow",28.4,11.2,41,42,27,14,0,0,0,2,1,"50.787767","126.6785","1xcopper rockfish, 1xpipefish, 1xperch, 10x sandlance, 2x dolly varden","adult fish, fully stocked, Anti predator nets"
636,2019,6,11,"Glacier",19,17,200,59,50,9,0,1,0,200,9,"50.84497","126.29877","sanlance 3, herring1","no farm"
637,2019,6,11,"Burdwood",20,20,75,60,50,10,0,0,0,65,10,"50.78745","126.49897","sandlance 150, herring 1075","Farm small adults, boat discovery dawn"
638,2019,6,11,"Wicklow",NA,NA,NA,NA,NA,NA,NA,NA,NA,NA,NA,"","","no fish caught","g force boat with pipes large fish, set on school didn't catch"
639,2019,6,17,"Glacier",28.6,12.2,1500,97,50,46,1,1,0,8,1,"50.84692","126.31","herring","no farm"
640,2019,6,17,"Burdwood",20.2,15.5,77,58,50,8,0,0,0,69,8,"50.78627","126.503","herringx15000","pred nets fully stocked adults, barge present"
641,2019,6,17,"Wicklow",29.7,11.4,133,56,50,5,1,0,0,20,3,"50.78727","126.678","none","large fish, feeding, anti pred nets, fully stocked"
642,2019,6,24,"Glacier",27,17,300,67,50,17,0,0,0,300,17,"50.8448","126.30208","none","no farm"
643,2019,6,24,"Burdwood",23,13.5,300,79,50,29,0,0,0,300,29,"50.79243","126.48177","tube snout x2, 1 herring, 1 scuplin","pred nets fully stocked adults, barge present"
644,2019,6,24,"Wicklow",21,12.5,200,62,50,11,1,0,0,20,1,"50.78725","126.67778","herring x1","pred nets fully stocked adults, 2 net boats present"
645,2020,4,2,"Glacier",23.7,8.1,25,25,23,2,0,0,0,23,2,NA,NA,"stickleback x 2","no GPS,  seal haulout abandoned, no king fishers, no mergansers"
646,2020,4,2,"Burdwood",24.9,8.4,64,42,3,39,0,0,0,3,64,NA,NA,"none","no GPS,  no notes"
647,2020,4,2,"Wicklow",NA,NA,0,0,0,0,0,0,0,0,0,NA,NA,"no fish caught or seen","no notes, no GPS, no salintiy or temp"
648,2020,4,11,"Glacier",26.9,8.1,150,65,51,14,0,0,0,150,14,NA,NA,"none","no notes, no GPS"
649,2020,4,11,"Burdwood",25.7,8.8,81,81,31,50,0,0,0,31,50,NA,NA,"none","no notes, no GPS"
650,2020,4,11,"Wicklow",8.6,8.8,0,0,0,0,0,0,0,0,0,NA,NA,"none","farm empty, no juevnile salmon spotted ideal conditions"
651,2020,4,18,"Glacier",25.9,9.5,56,56,36,20,0,0,0,36,20,NA,NA,"none","search time 20min"
652,2020,4,18,"Burdwood",25.6,10.1,55,55,18,37,0,0,0,18,37,NA,NA,"none","search time 70min, 3 bays searched, flish plumper aand more docile than glacier, little puckers around rounded bellies"
653,2020,4,21,"Wicklow",30.8,9.4,19,10,0,10,0,0,0,0,19,NA,NA,"1 herring","done with BATI sampling"
654,2020,4,27,"Glacier",29.2,9.3,5000,72,50,22,0,0,0,9,1,NA,NA,"none","done with BATI sampling, ran out of daylight to get all chum numbers"
655,2020,4,28,"Burdwood",29.7,8.8,400,100,50,50,0,0,0,1,3,NA,"126.5015","1 sandlance","done with BATI sampling, overcast, windy, no rain, stong currents"
656,2020,4,29,"Wicklow",29.5,9.1,0,0,0,0,0,0,0,0,0,"50.7879",NA,"~1000 sandlance","blind set, no fish salmon caught, heavy rain, overcast"
657,2020,5,6,"Glacier",28.7,8.8,5000,58,50,8,0,1,0,20,1,NA,NA,"none","very large school captured about 5000 but even more outside of net, Heavy rain followed by sun"
658,2020,5,5,"Burdwood",27.6,9.8,250,100,50,50,0,16,0,10,15,NA,"126.5016","none","too hot to handel the fish, some died 16 chum mortalities "
659,2020,5,6,"Wicklow",30.1,8.7,2500,104,51,51,2,0,0,3,2,NA,NA,"~5greenlings, ~1 perch, ~1 gunnel","farm present with 4 to 6 workers, pred nets, mort bins, no fish spotted, boat docked, sunny weather, large school"
660,2020,5,13,"Glacier",27.2,11.1,225,60,50,10,0,0,0,15,1,NA,NA,"~100 adult sandlance, ~30 perch, 1 bay pipefish, 1 rocksoul","lots of caligus lice, maybe related to sandlance?"
661,2020,5,12,"Burdwood",28.7,10.3,109,96,50,46,0,0,0,63,46,NA,NA,"none","no notes"
662,2020,5,13,"Wicklow",30.2,9.7,59,59,50,5,4,0,0,50,5,NA,NA,"~50 larval fish, 1 gunnel, 1 greenling with a caligus cope","speed boat left from farm, pred nets, mort bins, no sign of fish at farm, set off round rock"
663,2020,5,21,"Glacier",25.6,11,24,24,19,5,0,0,0,19,5,NA,NA,"none","done with BATI, very poor weather, overcast, cloudy water, strong wind, waves ~2ft, strong current, 2 sets both blind"
664,2020,5,21,"Burdwood",23.1,13.2,252,101,50,50,0,0,0,176,75,NA,NA,"lots of jellyfish","Nice set area, but weather rough outside of set area"
665,2020,5,20,"Wicklow",27.9,11,148,74,51,19,4,2,0,125,19,NA,NA,"~1500 larval herring, ~20 larval sandlance","done with BATI, 2 sets, first set current was very strong. Had to do a second set to catch more fish. Herring school spotted, Perch school spotted, farm present, no fish seen at farm, 2 boats and 4 to 6 dock workers"
666,2020,5,27,"Glacier",25.7,12,160,58,51,7,0,2,0,73,7,NA,"126.30885","1 herring, 80 perch, 4 sculpin","very low tide, calm, no wind, sun out, water vis moderate"
667,2020,5,26,"Burdwood",20,12.8,160,77,50,27,0,2,0,133,27,NA,NA,"10000+ sandlance,1 greenling","none"
668,2020,5,29,"Wicklow",27.1,11.7,4,4,3,1,0,0,0,3,1,NA,NA,"none","high tide, overcast, farm barge present """"""""""""""""sea roamer"""""""""""""""" food spinners operating, [red nets, fish stocked in farm about 20 to 30cm, 2 red floats in front of farm"
669,2020,6,6,"Glacier",26.1,11.4,94,60,51,9,0,0,0,85,9,NA,NA,"~15 sculpin, ~100 green seaurchins, 1 red seaurchin, 1 poacher, 1 bay pipefish, 1 stickle back","2 sets first a water haul as 100s of sandlance and no salmon were caught, 2nd set got salmon, cloud cover ~80%, no wave, no rain, no wind,sun out, weak current"
670,2020,6,6,"Burdwood",26.1,12.5,100,88,37,51,0,0,0,37,63,NA,NA,"2 herring, 1 sculpin",""
671,2020,6,4,"Wicklow",28.3,10.9,79,64,55,3,6,1,0,70,3,NA,NA,"10 stickleback, 2 perch","farm present,stocked with fish about 30cm, boat present """"""""""""""""tuber"""""""""""""""", hand feeding and food spinners operating, pred nets, werid sound maybe food spinners maybe accoustic deterance"
672,2020,6,13,"Glacier",19.4,12.4,250,105,50,51,3,4,0,200,50,NA,NA,"1 hermit crab, 3 sea urchins, 3 sand lance, 5 herring","saw a couple hundred thousand sand lance in a school with about a thousand salmon in """"""""""""""""Sand Lance Bay"""""""""""""""""
673,2020,6,14,"Burdwood",18.6,13.4,250,113,50,50,1,5,0,50,50,NA,NA,"3000 herring, 3 sand lance","lots of lice present in the buckets, 25% clouds, sun out"
674,2020,6,12,"Wicklow",28.1,11.1,230,92,50,41,1,10,0,1.5,1,NA,NA,"2 herring, silver spotted sculpin","30cm fish, fully stocked, cleaning nets, possible sound deterents not heard, food spinners active, cloudy with light rain"
675,2020,6,19,"Glacier",21.7,13.7,350,81,50,28,3,3,0,319,28,NA,NA,"1 herring, 1 pipefish, 1 sculpin, 4 hermit crabs","light rain gross weather, 7 salmon retained for identification training purposes"
676,2020,6,18,"Burdwood",23.6,14.2,64,64,32,18,0,0,0,2,1,NA,NA,"sculpins","2 sets, high cloud cover cirrus stratus, grey"
677,2020,6,19,"Wicklow",24.7,13.4,17,17,13,4,0,0,0,13,4,NA,NA,"3 shiner perch, 3 three spinned stickleback, 2 tidepool sculpins, 2 crescent gunnel","high cloud cover boat docked at farm """"""""""""""""Raven Lady"""""""""""""""", food spinners, hand feeding, possible sound deterents?, 30 cm fish stocked, fully stocked pens, 3-4 diving birds nearby, garbage cans (white containers) of feed being hand fed, 1 juevnile salmon retained for traning purpose"
678,2020,6,29,"Glacier",20,13.8,0,0,0,0,0,0,0,0,0,NA,NA,NA,"cloudy weather, no fish spotted no set, last sampling day for 2020"
679,2020,6,29,"Burdwood",10.9,14.5,0,0,0,0,0,0,0,0,0,NA,NA,NA,"cloudy weather, no fish spotted no set, last sampling day for 2020"
680,2020,6,29,"Wicklow",22,13.3,0,0,0,0,0,0,0,0,0,NA,NA,NA,"cloudy weather, no fish spotted no set,  at the farm mort boat working, spinners active, mort pumps ready, white bags moved off mort boats, stocked fish around 30cm in length last sampling day for 2020"
681,2021,4,1,"Glacier",15.5,8.8,2,2,2,0,0,0,0,1,0,"50.8479333333","-126.30255","none","1.75 hour search, nothing spotted, blind set, crew: Clare and Rob, weather: started calm and sunny became windy and wavey by finish"
682,2021,4,1,"Burdwood",27,9,0,0,0,0,0,0,0,0,0,"50.7888833333","-126.4886666667","none","2.5 hour search, strong tides, moderate wind, scattered rain, overcast, nothing spotted blind set, nothing caught"
683,2021,4,2,"Wicklow",30.4,7.9,250,51,49,2,0,0,0,175,1,"50.7877166667","-126.6771833333","red rock crab",".25 hour search time, partly cloudy, low tide, calm weather, farm stocked with small fish"
684,2021,4,7,"Glacier",27.8,7.9,130,56,50,6,0,0,0,124,6,"50.8475833333","-126.3088666667","none","2.5hr search time, 3 sets fish caught on last set, heavy rain, cold, crew: Clare and Rob"
685,2021,4,7,"Burdwood",28.3,8.7,136,86,50,36,0,4,0,100,36,"50.7861333333","-126.50185","sculpin, juevnile rock sole",".5hr search time, very cold, heavy rain and snow, high winds, liced fish at scfs dock, crew: Clare and Rob"
686,2021,4,11,"Wicklow",29.1,9.4,500,62,50,12,0,3,0,80,1,"50.788","-126.67705","none",".25 hour, farm stocked, small fish, tuebar boat docked, feeding, Crew: Clare, Rob, Jess, Matt, Thea"
687,2021,4,15,"Glacier",27.8,8.4,150,50,50,0,0,3,0,1,0,"50.8398333333","-126.3065","sculpin","0.75hr search time, crew: CA, RH, JW, TC, ME, sunny day, low tide, hooded nudibranchs at ens of Watson cove"
688,2021,4,15,"Burdwood",29.3,9.5,1000,100,50,50,0,6,0,2,3,"50.78615","-126.50165","none",".05hr search time, crew: CA, RH, JW, TC, ME, sunny day, large salmon fry school only caught a small portion"
689,2021,4,16,"Wicklow",30.3,8.3,650,56,50,6,0,0,0,100,1,"50.7874","-126.6799166667","1 shrimp, 1 juevnile greenling","Farm stocked with small fish ~30cm, pred nets up, food spinners r4unning, very sunny weather, creew: CA, RH, JW, TC, ME"
690,2021,4,25,"Glacier",27.4,9.7,1300,94,50,44,0,2,0,10,1,"50.8468","-126.3093","3 juvenile greenling, green sea urchins, sea stars","5 min search time; crew: RH, EA, CA, JW, KM"
691,2021,4,25,"Burdwood",26.6,10.5,650,90,50,40,0,2,0,61,4,"50.7863","-126.5014","1 larval sandlance","5 min search time; crew: RH, EA, CA, JW, KM"
692,2021,4,25,"Wicklow",30.8,8.4,600,52,50,2,0,2,0,598,2,"50.7879","-126.6783","none","0.25hr search time; farm stocked with 30-40cm fish; boats docked were Raven Lady and Tuebor"
693,2021,4,30,"Glacier",29.5,8.4,650,68,50,18,0,0,0,5,2,"50.8446666667","-126.3015","none",".75 hr search, rainy"
694,2021,4,30,"Burdwood",26.8,9,875,82,50,32,0,0,0,843,32,"50.7858666667","-126.5022","gunnel, sand lance, kelp crab, decorator crabx5, shiner perch","5 min search time"
695,2021,4,30,"Wicklow",29,8.4,500,51,50,1,0,0,0,499,1,"50.7865","-126.6791","1 greenling, 1 sculpin, 1 sandlance","Boat present """"""""Tueber"""""""", Nice Weather"
696,2021,5,7,"Glacier",27.7,9.4,350,77,50,27,0,2,2,322,28,"50.8476833333","-126.30935","none","5 min search time"
697,2021,5,7,"Burdwood",16.8,10.6,275,64,50,14,0,1,0,251,14,"50.7861333333","-126.5013","3 coho, 1 herring, 2 sandlance, larval fish","0.75hr search time"
698,2021,5,7,"Wicklow",27.7,8.7,300,52,50,2,0,0,0,149,1,"50.7870666667","-126.6808333333","humpback shrimp, sandlace x 15","5min search time, farm notes: ~40cm fish jumping, feeder operating, no boats"
699,2021,5,17,"Glacier",28.5,10.3,4000,61,50,11,0,0,0,500,11,"50.8475333333","-126.3088666667","none","two buckets released early due to declining condition, i.e. gathering at surface and gaping."
700,2021,5,17,"Burdwood",18.1,11.3,1500,82,50,32,0,6,0,968,32,"50.7859666667","-126.5026333333","sand lance, herring","na"
701,2021,5,17,"Wicklow",29.9,9.2,350,52,50,2,0,0,0,174,1,"50.78796667","-126.67901667","tubesnouts x2, hermit crab, assorted jellies, larval greenling/lingcod?","stocked with 40-50cm fish, boats docked were Hecate Strait and Tuebor"
702,2021,5,23,"Glacier",24.7,11.5,4000,60,50,10,0,0,0,100,1,"50.84755","-126.30915","1 coho","lots of fish"
703,2021,5,22,"Burdwood",17.8,13.4,280,67,50,17,0,2,0,233,17,"50.7862","-126.50163333","hermit crab","none"
704,2021,5,22,"Wicklow",28.2,10.3,200,51,50,1,0,0,0,199,1,"50.78706667","-126.67751667","30 shiner perch, 5 juevnile sand lance","two sets, first set had to water haul, Far, notes: Raven Lady docked, stocked with fish about 40 to 50 cm"
705,2021,5,27,"Glacier",27.6,9.2,5000,51,50,1,0,0,0,500,1,"50.84741667","-126.30938333","1 sculpin","many fish around the boat, abnormally high numbers"
706,2021,5,27,"Burdwood",24.3,10.2,5000,57,50,6,1,1,0,50,1,"50.78573333","-126.50301667","none","many fish"
707,2021,5,28,"Wicklow",29.9,9.3,74,53,50,1,2,0,0,71,1,"50.78791667","-126.67916667","1 herring, 3 prawns","farm notes: no boats docked, stocked with 40 to 50cm fish"
708,2021,6,4,"Glacier",23,12.6,4000,58,50,8,0,0,0,500,8,"50.84653333","-126.30828333","1 pipefish","none"
709,2021,6,3,"Burdwood",21.6,12.6,800,68,50,18,0,2,0,500,18,"50.78543333","-126.5016","2 tubesnouts, 2 sculpins","none"
710,2021,6,3,"Wicklow",28.2,10.7,1200,57,50,4,3,2,0,493,4,"50.78788333","-126.6766","4 tubesnouts","farm notes: stocked with 40-50cm fish, boats docked: """"Tuebor"""" and """"Ambition"""""
711,2021,6,9,"Glacier",20.3,13,450,60,50,8,2,1,0,441,8,"50.84686667","-126.30923333","20 green sea urchins, 1 sculpin, 1 herring",NA
712,2021,6,9,"Burdwood",16.1,13.3,600,71,50,21,0,0,0,579,21,"50.786","-126.50305","1 herring","none"
713,2021,6,9,"Wicklow",25,11.6,1000,53,50,1,2,0,0,500,1,"50.78678333","-126.68093333","none","farm notes: stocked with ~40-50cm fish, no boats docked"
714,2021,6,18,"Glacier",24.1,12.2,38,38,37,1,0,0,0,37,1,"50.84448333","-126.30176667","none","difficult to find fish; set 3 times, and caught fish on third try."
715,2021,6,18,"Burdwood",18.8,14.4,9,9,7,2,0,0,0,7,1,"50.79268333","-126.48041667","none","difficult to find fish; set once and only caught one fish (chum, fish ID 44203). Set again several hours later, and caught only 8 fish (fish ID 44195-44202); location and WQ info from set with majority of fish."
716,2021,6,18,"Wicklow",26.3,11.6,200,50,50,0,0,0,0,200,0,"50.78785","-126.67658333","20 perch","farm notes: stocked with ~40-50cm fish, no boats docked"
717,2021,6,25,"Glacier",27.6,13,80,53,50,2,1,0,0,77,2,"50.84761667","-126.30878333","none","none"
718,2021,6,25,"Burdwood",22.7,12.9,60,59,50,8,1,0,0,51,8,"50.78571667","-126.50165","10 tube snouts, 5 larval sandlance, 20 shiner perch","none"
719,2021,6,25,"Wicklow",28.8,11.8,2500,72,50,3,19,7,0,750,3,"50.78701667","-126.68036667","none","farm notes: stocked with 40-50cm fish, feeders running, boat docked was the Tuebor"
720,2021,7,2,"Glacier",16.6,14.9,18,18,8,7,3,1,0,8,7,"50.84775","-126.30543333","1 perch","tried to catch fish 3 times but had trouble catching a large school"
721,2021,7,2,"Burdwood",10.6,15.9,0,0,0,0,0,0,0,0,0,"50.80268333","-126.4558","none","blind set after more than an hour of searching"
722,2021,7,2,"Wicklow",17,14.5,300,74,50,17,7,3,0,7,1,"50.78708333","-126.68033333","none","farm notes: no boats docked, fish jumping 45-55cm"
723,2022,4,1,"Glacier",NA,NA,0,0,0,0,0,0,0,0,0,"50.84716667","-126.30903333","1 shiner perch, about 50 larval fish","Blind set, 75min search time, saw one chum in an unsetable location, low tide overcast and rainy poor visablity for fish spotting,  Crew: Robert, Caroline, Jess, Bogdan"
724,2022,4,1,"Burdwood",30.5,8,42,42,36,6,0,3,0,6,36,"50.78576667","-126.50138333","larval fish","Blind set, 83 min search time, Crew: Robert, Caroline, Jess, Bogdan, Overcast no current no rain"
725,2022,4,1,"Wicklow",31.6,7.8,0,0,0,0,0,0,0,0,0,"50.78791667","-126.67851667","none","Blind set, 50min search time, Crew: Robert, Caroline, Jess, Bogdan, very high tide, limited setting spots, Very Rainy, overcast hard to spot fish, nothing spotted"
726,2022,4,7,"Glacier",29.9,7,0,0,0,0,0,0,0,0,0,"50.8473333333333","-126.309033333333","~5 larval fish","Blind set, 60min seatrch time, Crew: Robert, Caroline, Jess, Bogdan, nothing spotted, rainy slight wind overcast"
727,2022,4,7,"Burdwood",31.1,7.5,140,63,13,50,0,0,1,13,127,"50.7930833333333","-126.48505","tide pool sculpin, greenling, shrimp, larval fish","Fish spotted, fish caught, 60min search time,Crew: Robert, Caroline, Jess, Bogdan, overcast, slight rain, slight wind"
728,2022,4,7,"Wicklow",31.1,7.3,0,0,0,0,0,0,0,0,0,"50.78785","-126.678516666667","none","Blind set, 65min seatrch time, Crew: Robert, Caroline, Jess, Bogdan, nothing caught, Overcast, set a wide netto get as much area as possible"
729,2022,4,15,"Glacier",30.4,8.2,73,53,50,3,0,0,0,67,3,"50.8475833333333","-126.308666666667","none","Crew: Robert, Caroline, Jess, Bogdan"
730,2022,4,15,"Burdwood",28.9,8.3,800,100,50,50,0,2,0,1,2,"50.7861666666667","-126.501733333333","shrimp, larval fish","Crew: Robert, Caroline, Jess, Bogdan"
731,2022,4,15,"Wicklow",30.9,7.6,0,0,0,0,0,0,0,0,0,"50.7827333333333","-126.703616666667","none","Blind set, 65min seatrch time, Crew: Robert, Caroline, Jess, Bogdan, nothing caught"
732,2022,4,22,"Glacier",31,8.5,200,82,50,32,0,2,0,7,1,"50.8459166666667","-126.307083333333","1 greenling","Crew: Robert, Lilly, Jess, Bogdan"
733,2022,4,22,"Burdwood",30.4,8.1,220,100,50,50,0,2,0,1,3,"50.7860833333333","-126.502116666667","1 greenling, larval sandlance","fish spotted quickly, large schools all over the area, overcast and calm Crew: Robert, Lilly, Jess, Bogdan"
734,2022,4,22,"Wicklow",30.8,7.9,0,0,0,0,0,0,0,0,0,"50.7879666666667","-126.678216666667","none","Blind set, search time 63 min, nothing caught Crew: Robert, Lilly, Jess, Bogdan"
735,2022,4,28,"Glacier",29.7,7.9,7500,100,50,50,0,1,0,4,1,"50.8475833333333","-126.308783333333","100 larval sandlance","Crew: Robert, Lilly, Jess, Bogdan, fish spotted and caught,10 min search"
736,2022,4,28,"Burdwood",30.6,7.7,2500,100,50,50,0,0,0,1,3,"50.7861333333333","-126.5014","shrimp, larval sandlance","Crew: Robert, Lilly, Jess, Bogdan, 5 min search"
737,2022,4,28,"Wicklow",29.6,8.9,22,22,2,20,0,1,0,1,10,"50.7881166666667","-126.678366666667","1 prickleback, 1 perch","Crew: Robert, Lilly, Jess, Bogdan, 40 min search"
738,2022,5,5,"Glacier",28.2,7.8,9,9,8,1,0,0,0,8,1,"50.847598","-126.308909","larval sandlance ~2000 or more","Crew: Robert, Lilly, Caroline, Bogdan, Heavy rain, swelling ocean, strong wind, poor visiblity. We spotted a school of fish we thought were either salmon or sandlance but couldn't make it out due to the poor conditons. Turned out to be sandlance!"
739,2022,5,5,"Burdwood",29.6,8.1,5000,100,50,50,0,0,0,1,1,"50.786","-126.501766666667","1 coho, larval sandlance, some sculpins","Crew: Robert, Lilly, Caroline, Bogdan, had to do a very shallow set to get the school. rainy"
740,2022,5,5,"Wicklow",32.1,7.9,250,94,50,44,0,0,0,206,44,"50.7866666666667","-126.675533333333","2 silver spotted sculpins, 4 three spine stickle back, 10 shrimp, 2 kelp greenling","Crew: Robert, Lilly, Caroline, Bogdan, rainy calm, school spotted. Giant pacific octopus in the intertidal!"
741,2022,5,15,"Glacier",29.8,8.2,2500,100,50,50,0,0,0,5,1,"50.84725","-126.309333333333","50 sandlance","Crew: RH, JW, KM, JWM, DB"
742,2022,5,14,"Burdwood",29,9,250,100,50,50,0,0,0,1,1,"50.7859833333333","-126.5013","none","Crew: RH, JW, KM, JWM, DB"
743,2022,5,14,"Wicklow",30,8.5,150,100,50,50,0,2,0,1,1,"50.7881166666667","-126.677116666667","75 sandlance, 1 sculpin","Crew: RH, JW, KM, JWM, DB"
744,2022,5,19,"Glacier",28,9,318,69,51,18,0,4,0,300,18,"50.8473333333333","-126.309316666667","none","Crew: Robert, Lilly, Kate, Jessica Wadhams, Jessica Williamson set time:12:15"
745,2022,5,19,"Burdwood",27.5,9,1750,101,61,40,0,1,0,1,1,"50.7861833333333","-126.501716666667","none","Crew: Robert, Lilly, Kate, Jessica Wadhams, Jessica Williamson set time:15:12, miscounted chum and pink so we only liced 40 chum and liced 61 pink!"
746,2022,5,19,"Wicklow",28,8.5,120,101,50,50,1,18,0,1,1,"50.7862666666667","-126.675516666667","sandlance, three-spined stickle back, kelp crab, silver spotted sculpin","Crew: Robert, Lilly, Kate, Jessica Wadhams, Jessica Williamson, high mortality of salmon at this site. Unsure as to the reason, set time: 07:12"
747,2022,5,25,"Glacier",29.6,9.8,800,100,50,50,0,2,0,9,1,"50.8473166666667","-126.3096","sandlance","none"
748,2022,5,25,"Burdwood",29,10.3,2000,100,50,50,0,0,0,1,1,"50.7858333333333","-126.5017","3 sandlance, 1 coho","none"
749,2022,5,25,"Wicklow",30,9.7,54,54,44,10,0,1,0,44,10,"50.7862333333333","-126.689233333333","3 sculpins, 4 greenlings","none"
750,2022,6,2,"Glacier",28.2,9.9,1200,100,50,50,0,0,0,11,1,"50.8471666666667","-126.308933333333","30 sandlance","Crew: RH, JW, CG, RC"
751,2022,6,2,"Burdwood",27.3,10.6,420,100,50,50,0,5,0,1,5,"50.7861333333333","-126.502166666667","gunnel, sculpin, 2 coho","Crew: RH, JW, CG, RC"
752,2022,6,2,"Wicklow",28.4,10.2,0,0,0,0,0,0,0,0,0,"50.7864166666667","-126.675216666667","0","Crew: RH, JW, CG, RC / saw a bear/ 1 hour search/ school found but set got hung up aprox. 20 times, fish escaped, boat nearly got stranded behind clam garden wall as tide fell"
753,2022,6,10,"Glacier",23,10.5,2000,100,50,50,0,0,0,19,1,"50.8474","-126.309233333333","none","Crew: SG, JW, KM, BK, JWM; high-graded for chum"
754,2022,6,10,"Burdwood",26,11,500,101,50,51,0,0,0,3,2,"50.7859333333333","-126.503016666667","none","Crew: SG, JW, KM, BK, JWM"
755,2022,6,10,"Wicklow",25,10.5,59,58,29,29,0,0,0,1,1,"50.7865666666667","-126.675883333333","sculpin, longhorn sculpin, sockeye","Crew: SG, JW, KM, BK, JWM"
756,2022,6,16,"Glacier",25,10.5,5000,100,50,50,0,1,0,9,1,"50.8475","-126.30905","sockeye x3","Crew: SG, JW, KM, BK"
757,2022,6,16,"Burdwood",20,11,1000,100,50,50,0,0,0,1,1,"50.7859833333333","-126.503266666667","sandlance, sculpin, tubesnout","Crew: SG, JW, KM, BK"
758,2022,6,16,"Wicklow",28,11,200,91,50,41,0,2,0,3,2,"50.78655","-126.679333333333","sockeye x2, snailfish, shrimp","Crew: SG, JW, KM, BK big fish, hard to keep happy"
759,2022,6,23,"Glacier",21,14,200,83,50,33,0,0,0,17,3,"50.8474833333333","-126.308933333333","SANDLANCE X 10, SCULPIN","Crew: RH, KM, JW, JWM"
760,2022,6,23,"Burdwood",19,15,35,35,2,33,0,0,0,2,33,"50.7861166666667","-126.50175","500 sandlance, 10 000 larval herring","Crew: RH, KM, JW, JWM over an hour search time, moderate wind, small waves hitting bunt"
761,2022,6,23,"Wicklow",23,10.5,85,80,50,30,0,0,0,5,3,"50.7879666666667","-126.67835","larval herring x 2000, sandlance x 50","Crew: RH, KM, JW, JWM calm, sunny"
762,2022,6,30,"Glacier",19,15,87,79,50,29,0,0,0,3,2,"50.8474166666667","-126.309116666667","PERCH, TUBESNOUT, STICKLEBACK, SCULPIN","crew: JW, KM, RH, BK, EA"
763,2022,6,30,"Burdwood",19,16,3,3,0,3,0,0,0,0,1,"50.7859833333333","-126.50135","700 HERRING","crew: JW, KM, RH, BK, EA searched for 1 hour, all fish spotted in small sparse schools, blind set, caught 3 salmon"
764,2022,6,30,"Wicklow",22,13.5,124,99,50,49,0,0,0,3,2,"50.7875","-126.676866666667","TUBESNOUT X 20, SHINER PERCH X 10, STICKLEBACK X 2, GREENLING, PIPE FISH","Crew: JW, KM, RH, BK, EA 3 differents sets to catch enough fish"
765,2022,7,9,"Glacier",11,15,250,76,50,26,0,0,0,112,13,"50.8496166666667","-126.324933333333","none","Crew: RH, BK, CG, MJC, LK, Overcast, slight rain, Calm"
766,2022,7,9,"Burdwood",7,NA,5,5,0,5,0,0,0,0,1,"50.785921","-126.502016","crab","Crew: RH, BK, CG, MJC, LK, OVercast, Calm"
767,2022,7,9,"Wicklow",8,16,45,44,20,24,0,0,0,5,4,"50.7864","-126.684","none","Crew: RH, BK, CG, MJC, LK. Did 2 sets in the same spot about 20 the first time and 25 the second. Overcast and slighttly rainy."
