"Survey Year","Set count","Number of positive sets","ITIS-TSN","Species code","Scientific name","English common name","French common name","LSID","Biomass index","Lower interval","Upper interval","CV"
2004,89,4,"159988","038","APRISTURUS BRUNNEUS","BROWN CAT SHARK","HOLBICHE BRUNE","urn:lsid:marinespecies.org:taxname:158512","5266.6583352240004","471.26564470699998","11989.936533771401","0.54410456892693804"
2004,89,64,"160617","044","SQUALUS SUCKLEYI","NORTH PACIFIC SPINY DOGFISH","AIGUILLAT DU PACIFIQUE","urn:lsid:marinespecies.org:taxname:299224","16857690.234308001","7508319.4247723101","31174082.402229499","0.36983278231118299"
2004,89,11,"160848","056","BERINGRAJA BINOCULATA","BIG SKATE","RAIE BIOCELLÉE","urn:lsid:marinespecies.org:taxname:1021330","216280.238987775","92924.051817477506","383269.518984642","0.33107113203458"
2004,89,10,"160937","058","BATHYRAJA INTERRUPTA","SANDPAPER SKATE","RAIE RUGUEUSE","urn:lsid:marinespecies.org:taxname:271515","7629.5016068333298","2746.2661513603598","13611.2596038348","0.34963217625076798"
2004,89,51,"160851","059","RAJA RHINA","LONGNOSE SKATE","POCHETEAU LONG-NEZ","urn:lsid:marinespecies.org:taxname:271581","690834.08284263196","504670.77585412498","886656.76601057802","0.141278856412623"
2004,89,73,"161015","066","HYDROLAGUS COLLIEI","SPOTTED RATFISH","CHIMÈRE D’AMÉRIQUE","urn:lsid:marinespecies.org:taxname:271406","1211081.6369742299","621276.41171530401","1892241.2448495501","0.27075241701719999"
2004,89,5,"161702","095","ALOSA SAPIDISSIMA","AMERICAN SHAD","ALOSE SAVOUREUSE","urn:lsid:marinespecies.org:taxname:158670","1384.68575619024","0.0","3631.14079244094","0.73120599489618399"
2004,89,12,"551209","096","CLUPEA PALLASII","PACIFIC HERRING","HARENG DU PACIFIQUE","urn:lsid:marinespecies.org:taxname:151159","7244.04822068671","3316.7324908578798","12311.3873399033","0.32270942604054997"
2004,89,14,"162051","148","THALEICHTHYS PACIFICUS","EULACHON","EULAKANE","urn:lsid:marinespecies.org:taxname:282959","909214.39281651704","10408.213275788699","2680268.79995408","0.95847514886318697"
2004,89,54,"164711","222","GADUS MACROCEPHALUS","PACIFIC COD","MORUE DU PACIFIQUE","urn:lsid:marinespecies.org:taxname:254538","1133080.0810858","691091.97929038305","1677484.62452493","0.217943961521503"
2004,89,42,"164792","225","MERLUCCIUS PRODUCTUS","PACIFIC HAKE","MERLU DU PACIFIQUE","urn:lsid:marinespecies.org:taxname:272458","2733492.6627274901","1276601.1193263601","4712335.2591449199","0.323648422573169"
2004,89,17,"934083","228","GADUS CHALCOGRAMMUS","WALLEYE POLLOCK","GOBERGE DE L’ALASKA","urn:lsid:marinespecies.org:taxname:300735","565012.46439440595","63258.575796946599","1399985.1652188399","0.65129541844071204"
2004,89,10,"550588","233","LYCODES CORTEZIANUS","BIGFIN EELPOUT","LYCODE À GRANDES NAGEOIRES","urn:lsid:marinespecies.org:taxname:274097","6730.8625757173304","2696.6137786242002","11478.204134866301","0.32470449695091003"
2004,89,14,"630999","245","LYCODES PACIFICUS","BLACKBELLY EELPOUT","LYCODE À VENTRE NOIR","urn:lsid:marinespecies.org:taxname:274116","7844.0171291192601","3393.553378647","13054.2187032568","0.32430868846088501"
2004,89,15,"166706","394","SEBASTES ALEUTIANUS/MELANOSTICTUS COMPLEX","ROUGHEYE/BLACKSPOTTED ROCKFISH COMPLEX","SÉBASTE","urn:lsid:marinespecies.org:taxname:126175","313221.59279968799","86334.549528318399","601378.13438687695","0.41636341560747703"
2004,89,30,"166707","396","SEBASTES ALUTUS","PACIFIC OCEAN PERCH","SÉBASTE À LONGUE MÂCHOIRE","urn:lsid:marinespecies.org:taxname:254573","4933483.0330902403","2269786.0186454002","8804372.32481106","0.35652783481084299"
2004,89,27,"166710","401","SEBASTES BABCOCKI","REDBANDED ROCKFISH","SÉBASTE À BANDES ROUGES","urn:lsid:marinespecies.org:taxname:274775","242547.340834756","114503.82553164101","457864.845123337","0.38006196730895703"
2004,89,6,"166712","403","SEBASTES BOREALIS","SHORTRAKER ROCKFISH","SÉBASTE BORÉAL","urn:lsid:marinespecies.org:taxname:274777","46370.659188997","13585.1660924071","97699.723969935207","0.49269652335812703"
2004,89,19,"166711","405","SEBASTES BREVISPINIS","SILVERGRAY ROCKFISH","SÉBASTE ARGENTÉ","urn:lsid:marinespecies.org:taxname:274778","555155.69736715395","175309.92936502301","1087115.9894494801","0.42680898253760002"
2004,89,15,"166715","410","SEBASTES CRAMERI","DARKBLOTCHED ROCKFISH","SÉBASTE TACHETÉ","urn:lsid:marinespecies.org:taxname:274785","107963.994279933","26854.037123326401","244191.58421111101","0.57936637415431902"
2004,89,17,"166716","412","SEBASTES DIPLOPROA","SPLITNOSE ROCKFISH","GUEULE-DE-LOUP","urn:lsid:marinespecies.org:taxname:274787","703723.94924075296","135928.11363481899","1598060.8001739399","0.58730401256051001"
2004,89,37,"166717","414","SEBASTES ELONGATUS","GREENSTRIPED ROCKFISH","SÉBASTE À RAYURES VERTES","urn:lsid:marinespecies.org:taxname:274788","205754.25672892699","99415.283632724793","327615.03654984903","0.28585865224620399"
2004,89,2,"166719","417","SEBASTES ENTOMELAS","WIDOW ROCKFISH","VEUVE","urn:lsid:marinespecies.org:taxname:274791","1046.1988839922601","0.0","2615.6801758470301","0.68654381536787201"
2004,89,36,"166720","418","SEBASTES FLAVIDUS","YELLOWTAIL ROCKFISH","SÉBASTE À QUEUE JAUNE","urn:lsid:marinespecies.org:taxname:274795","791769.91018749296","451784.473711011","1176184.25808709","0.2305775402288"
2004,89,16,"166723","421","SEBASTES HELVOMACULATUS","ROSETHORN ROCKFISH","SÉBASTE ROSACÉ","urn:lsid:marinespecies.org:taxname:274799","63057.076356839003","14800.27933259","142583.03140583701","0.59003408613920705"
2004,89,8,"166726","424","SEBASTES MALIGER","QUILLBACK ROCKFISH","SÉBASTE À DOS ÉPINEUX","urn:lsid:marinespecies.org:taxname:274815","75955.428824620103","16013.8308421499","154245.13681009001","0.469998242236562"
2004,89,11,"166733","435","SEBASTES PAUCISPINIS","BOCACCIO","BOCACCIO","urn:lsid:marinespecies.org:taxname:274833","354975.66348350502","39207.128839336197","932129.07874539401","0.75068957626985999"
2004,89,35,"166734","437","SEBASTES PINNIGER","CANARY ROCKFISH","SÉBASTE CANARI","urn:lsid:marinespecies.org:taxname:274836","814102.20576653897","346643.06901662098","1441545.30958508","0.35070180508262799"
2004,89,17,"166736","439","SEBASTES PRORIGER","REDSTRIPE ROCKFISH","SÉBASTE À RAIE ROUGE","urn:lsid:marinespecies.org:taxname:274838","1074253.6356418801","210769.17696199901","2324971.8604001598","0.49431339200574398"
2004,89,2,"166737","440","SEBASTES REEDI","YELLOWMOUTH ROCKFISH","SÉBASTE À BOUCHE JAUNE","urn:lsid:marinespecies.org:taxname:274840","30609.687487608899","0.0","82661.627574040598","0.69607141542022699"
2004,89,11,"166740","442","SEBASTES RUBERRIMUS","YELLOWEYE ROCKFISH","SÉBASTE AUX YEUX JAUNES","urn:lsid:marinespecies.org:taxname:274844","173637.176771125","55340.753557573997","322577.43299323","0.40876209693835802"
2004,89,6,"166741","444","SEBASTES SAXICOLA","STRIPETAIL ROCKFISH","SÉBASTE À QUEUE RAYÉE","urn:lsid:marinespecies.org:taxname:274848","9013.9625681042708","2947.7193610510899","17616.196408905598","0.41285896664046601"
2004,89,5,"166743","448","SEBASTES WILSONI","PYGMY ROCKFISH","SÉBASTE PYGMÉE","urn:lsid:marinespecies.org:taxname:274868","187385.89854224","725.70044643670599","557053.12567299698","0.95986833998155197"
2004,89,26,"166744","450","SEBASTES ZACENTRUS","SHARPCHIN ROCKFISH","SÉBASTE À MENTON POINTU","urn:lsid:marinespecies.org:taxname:274869","418096.85285576101","184664.88723034199","683613.55941275205","0.314227948945901"
2004,89,19,"166783","451","SEBASTOLOBUS ALASCANUS","SHORTSPINE THORNYHEAD","SÉBASTOLOBE À COURTES ÉPINES","urn:lsid:marinespecies.org:taxname:282740","282017.69221557101","189991.76217196399","381605.62758210202","0.17922993528620801"
2004,89,58,"167123","455","ANOPLOPOMA FIMBRIA","SABLEFISH","MORUE CHARBONNIÈRE","urn:lsid:marinespecies.org:taxname:159463","3978137.2461565598","1854355.8859942099","6589798.1553205298","0.29404730694654002"
2004,89,5,"167110","461","HEXAGRAMMOS DECAGRAMMUS","KELP GREENLING","SOURCIL DE VARECH","urn:lsid:marinespecies.org:taxname:240732","22814.580975377601","1076.5927448247101","56071.193860137202","0.61482296433195505"
2004,89,41,"167116","467","OPHIODON ELONGATUS","LINGCOD","MORUE-LINGUE","urn:lsid:marinespecies.org:taxname:240745","2703107.1408723202","610973.542169936","5589544.6727937302","0.51265773469190601"
2004,89,15,"167293","510","ICELINUS FILAMENTOSUS","THREADFIN SCULPIN","ICÉLINE FILAMENTEUSE","urn:lsid:marinespecies.org:taxname:281136","19479.2767637215","6132.4212649690398","36868.989569529898","0.408574038805749"
2004,89,36,"172716","596","CITHARICHTHYS SORDIDUS","PACIFIC SANDDAB","LIMANDE SORDIDE","urn:lsid:marinespecies.org:taxname:275694","1028923.14046905","551536.75258267496","1612352.03414943","0.26974849087852398"
2004,89,69,"172862","602","ATHERESTHES STOMIAS","ARROWTOOTH FLOUNDER","PLIE À GRANDE BOUCHE","urn:lsid:marinespecies.org:taxname:279792","8527646.61581029","4825861.2376874303","13778741.1342478","0.256592250394024"
2004,89,47,"172868","607","EOPSETTA JORDANI","PETRALE SOLE","PLIE DE CALIFORNIE","urn:lsid:marinespecies.org:taxname:280690","380255.08457725402","186756.00329219201","660109.51849079598","0.32680056677438701"
2004,89,77,"172978","610","GLYPTOCEPHALUS ZACHIRUS","REX SOLE","PLIE ROYALE","urn:lsid:marinespecies.org:taxname:274287","1974610.54965125","1551883.3848816201","2405562.0300778202","0.113395330477118"
2004,89,38,"172875","612","HIPPOGLOSSOIDES ELASSODON","FLATHEAD SOLE","PLIE À TÊTE PLATE","urn:lsid:marinespecies.org:taxname:274289","395891.56288127601","184927.11346020299","671423.38440119301","0.33939608147845102"
2004,89,29,"172932","614","HIPPOGLOSSUS STENOLEPIS","PACIFIC HALIBUT","FLÉTAN DU PACIFIQUE","urn:lsid:marinespecies.org:taxname:274290","897988.71402706997","362575.28669184702","1691215.7287900399","0.38397395719724398"
2004,89,23,"172917","621","LEPIDOPSETTA BILINEATA","SOUTHERN ROCK SOLE","FAUSSE LIMANDE DU PACIFIQUE","urn:lsid:marinespecies.org:taxname:281305","317137.59070699901","175321.620693028","482155.37306932203","0.249200772380756"
2004,89,55,"172871","625","LYOPSETTA EXILIS","SLENDER SOLE","PLIE MINCE","urn:lsid:marinespecies.org:taxname:281452","210798.03052404401","146695.06231273801","287632.37439404998","0.16772661080871901"
2004,89,75,"172887","626","MICROSTOMUS PACIFICUS","DOVER SOLE","LIMANDE-SOLE","urn:lsid:marinespecies.org:taxname:274294","2666403.2653510901","2035006.63492492","3396791.5113999802","0.129895267532398"
2004,89,57,"172921","628","PAROPHRYS VETULUS","ENGLISH SOLE","CARLOTTIN ANGLAIS","urn:lsid:marinespecies.org:taxname:254393","1597228.0548518701","829627.30274997302","2501324.3277517101","0.26071335405752399"
2004,89,9,"172924","635","PLEURONICHTHYS DECURRENS","CURLFIN SOLE","PLIE À NAGEOIRES FRISÉES","urn:lsid:marinespecies.org:taxname:282292","46532.1655186469","13462.1749545681","88616.247015044893","0.43079132721177898"
2006,164,3,"159988","038","APRISTURUS BRUNNEUS","BROWN CAT SHARK","HOLBICHE BRUNE","urn:lsid:marinespecies.org:taxname:158512","2385.68176924","0.0","5609.89577090271","0.65421304803700697"
2006,164,138,"160617","044","SQUALUS SUCKLEYI","NORTH PACIFIC SPINY DOGFISH","AIGUILLAT DU PACIFIQUE","urn:lsid:marinespecies.org:taxname:299224","21878439.151635699","9577974.6700697206","44240307.218446203","0.45549106670565598"
2006,164,12,"160848","056","BERINGRAJA BINOCULATA","BIG SKATE","RAIE BIOCELLÉE","urn:lsid:marinespecies.org:taxname:1021330","170882.25612522199","59069.639035990898","307087.54534227902","0.38526511955424603"
2006,164,17,"160937","058","BATHYRAJA INTERRUPTA","SANDPAPER SKATE","RAIE RUGUEUSE","urn:lsid:marinespecies.org:taxname:271515","11774.101747144799","6410.5400154646204","17515.504708780201","0.24804409190621499"
2006,164,80,"160851","059","RAJA RHINA","LONGNOSE SKATE","POCHETEAU LONG-NEZ","urn:lsid:marinespecies.org:taxname:271581","517355.93579052901","402721.22520838201","656284.82722794404","0.12790445943270001"
2006,164,130,"161015","066","HYDROLAGUS COLLIEI","SPOTTED RATFISH","CHIMÈRE D’AMÉRIQUE","urn:lsid:marinespecies.org:taxname:271406","1292128.1253303599","851985.34974277997","1791947.8294156101","0.18793604217813301"
2006,164,17,"161702","095","ALOSA SAPIDISSIMA","AMERICAN SHAD","ALOSE SAVOUREUSE","urn:lsid:marinespecies.org:taxname:158670","8191.9731084423001","3778.2050675011601","13911.723585088899","0.32541310614033397"
2006,164,38,"551209","096","CLUPEA PALLASII","PACIFIC HERRING","HARENG DU PACIFIQUE","urn:lsid:marinespecies.org:taxname:151159","23513.824477525101","11162.088443116099","41385.855849482003","0.33595651586006797"
2006,164,24,"162051","148","THALEICHTHYS PACIFICUS","EULACHON","EULAKANE","urn:lsid:marinespecies.org:taxname:282959","24454.986896366001","10500.972777528799","40566.511358743897","0.32291591111554302"
2006,164,88,"164711","222","GADUS MACROCEPHALUS","PACIFIC COD","MORUE DU PACIFIQUE","urn:lsid:marinespecies.org:taxname:254538","1155992.5136738401","660471.99741881504","1729846.42456344","0.233079652819909"
2006,164,39,"164792","225","MERLUCCIUS PRODUCTUS","PACIFIC HAKE","MERLU DU PACIFIQUE","urn:lsid:marinespecies.org:taxname:272458","67523.194914314197","43322.046554920496","95515.617823320703","0.188174109057583"
2006,164,14,"934083","228","GADUS CHALCOGRAMMUS","WALLEYE POLLOCK","GOBERGE DE L’ALASKA","urn:lsid:marinespecies.org:taxname:300735","27152.5634891587","5264.4691804087297","54475.108895812198","0.48696315489162101"
2006,164,14,"550588","233","LYCODES CORTEZIANUS","BIGFIN EELPOUT","LYCODE À GRANDES NAGEOIRES","urn:lsid:marinespecies.org:taxname:274097","7288.9934168487098","3243.5169449861701","12312.2223327298","0.31708388120754"
2006,164,17,"630999","245","LYCODES PACIFICUS","BLACKBELLY EELPOUT","LYCODE À VENTRE NOIR","urn:lsid:marinespecies.org:taxname:274116","4401.5418933987503","2222.1983256173799","7061.6755195961796","0.27421885137994101"
2006,164,31,"166706","394","SEBASTES ALEUTIANUS/MELANOSTICTUS COMPLEX","ROUGHEYE/BLACKSPOTTED ROCKFISH COMPLEX","SÉBASTE","urn:lsid:marinespecies.org:taxname:126175","459792.46370092302","210870.21539671501","778948.29748065304","0.31612971689330899"
2006,164,59,"166707","396","SEBASTES ALUTUS","PACIFIC OCEAN PERCH","SÉBASTE À LONGUE MÂCHOIRE","urn:lsid:marinespecies.org:taxname:254573","2131600.1980336602","1404646.9886638001","2954567.6777019901","0.178010440888032"
2006,164,47,"166710","401","SEBASTES BABCOCKI","REDBANDED ROCKFISH","SÉBASTE À BANDES ROUGES","urn:lsid:marinespecies.org:taxname:274775","95595.920558933096","66376.104458572707","130468.84479618599","0.176263258508042"
2006,164,13,"166712","403","SEBASTES BOREALIS","SHORTRAKER ROCKFISH","SÉBASTE BORÉAL","urn:lsid:marinespecies.org:taxname:274777","83534.436577127301","29911.218721251","165853.08211551301","0.44731696005342197"
2006,164,41,"166711","405","SEBASTES BREVISPINIS","SILVERGRAY ROCKFISH","SÉBASTE ARGENTÉ","urn:lsid:marinespecies.org:taxname:274778","700122.71757805103","409834.45666754601","1040988.49965609","0.23525341615246301"
2006,164,35,"166715","410","SEBASTES CRAMERI","DARKBLOTCHED ROCKFISH","SÉBASTE TACHETÉ","urn:lsid:marinespecies.org:taxname:274785","150726.63628215401","81803.8110341586","231733.87550288701","0.25371971314276698"
2006,164,34,"166716","412","SEBASTES DIPLOPROA","SPLITNOSE ROCKFISH","GUEULE-DE-LOUP","urn:lsid:marinespecies.org:taxname:274787","1279962.8604589801","667922.05568134901","2125618.9840192702","0.29150072517905901"
2006,164,68,"166717","414","SEBASTES ELONGATUS","GREENSTRIPED ROCKFISH","SÉBASTE À RAYURES VERTES","urn:lsid:marinespecies.org:taxname:274788","555158.27832219005","317818.52459158999","840447.26405932801","0.239209687628746"
2006,164,10,"166719","417","SEBASTES ENTOMELAS","WIDOW ROCKFISH","VEUVE","urn:lsid:marinespecies.org:taxname:274791","26362.5807384863","3547.91063073752","69691.712596237398","0.70915168379452997"
2006,164,45,"166720","418","SEBASTES FLAVIDUS","YELLOWTAIL ROCKFISH","SÉBASTE À QUEUE JAUNE","urn:lsid:marinespecies.org:taxname:274795","3945486.7041920898","358622.11780295998","11845575.2997698","0.77627702727721704"
2006,164,37,"166723","421","SEBASTES HELVOMACULATUS","ROSETHORN ROCKFISH","SÉBASTE ROSACÉ","urn:lsid:marinespecies.org:taxname:274799","48237.259534773701","24499.832773645299","82039.066275955993","0.31864387095768798"
2006,164,8,"166726","424","SEBASTES MALIGER","QUILLBACK ROCKFISH","SÉBASTE À DOS ÉPINEUX","urn:lsid:marinespecies.org:taxname:274815","41314.960845776499","9640.6336693909398","92956.260989296206","0.52120221324920102"
2006,164,27,"166733","435","SEBASTES PAUCISPINIS","BOCACCIO","BOCACCIO","urn:lsid:marinespecies.org:taxname:274833","319352.72990957601","58448.490743263101","797384.72958580998","0.71065741408135796"
2006,164,47,"166734","437","SEBASTES PINNIGER","CANARY ROCKFISH","SÉBASTE CANARI","urn:lsid:marinespecies.org:taxname:274836","4693345.6054212097","1115759.1428332201","10246136.8401279","0.50834244458620803"
2006,164,31,"166736","439","SEBASTES PRORIGER","REDSTRIPE ROCKFISH","SÉBASTE À RAIE ROUGE","urn:lsid:marinespecies.org:taxname:274838","1251532.6291323099","166287.35796324999","2868176.1532019498","0.57469518594762103"
2006,164,9,"166737","440","SEBASTES REEDI","YELLOWMOUTH ROCKFISH","SÉBASTE À BOUCHE JAUNE","urn:lsid:marinespecies.org:taxname:274840","108413.735071687","40191.403152792802","202322.56465947899","0.38174761628257398"
2006,164,17,"166740","442","SEBASTES RUBERRIMUS","YELLOWEYE ROCKFISH","SÉBASTE AUX YEUX JAUNES","urn:lsid:marinespecies.org:taxname:274844","88472.288808944402","44428.140811028497","137648.872695008","0.27612286973089301"
2006,164,2,"166741","444","SEBASTES SAXICOLA","STRIPETAIL ROCKFISH","SÉBASTE À QUEUE RAYÉE","urn:lsid:marinespecies.org:taxname:274848","4301.3439964981899","0.0","12755.5124549415","0.99024303295327698"
2006,164,7,"166743","448","SEBASTES WILSONI","PYGMY ROCKFISH","SÉBASTE PYGMÉE","urn:lsid:marinespecies.org:taxname:274868","2182.2784848075298","421.377358323664","4665.5414776870803","0.48677929178234802"
2006,164,43,"166744","450","SEBASTES ZACENTRUS","SHARPCHIN ROCKFISH","SÉBASTE À MENTON POINTU","urn:lsid:marinespecies.org:taxname:274869","845071.08539987297","362800.15395723801","1460228.66996034","0.33846628986139898"
2006,164,41,"166783","451","SEBASTOLOBUS ALASCANUS","SHORTSPINE THORNYHEAD","SÉBASTOLOBE À COURTES ÉPINES","urn:lsid:marinespecies.org:taxname:282740","238776.483526244","152546.503981752","341114.49576699","0.195440449599868"
2006,164,81,"167123","455","ANOPLOPOMA FIMBRIA","SABLEFISH","MORUE CHARBONNIÈRE","urn:lsid:marinespecies.org:taxname:159463","1763488.58979429","1298410.34629988","2315064.6140208999","0.148977432339719"
2006,164,6,"167110","461","HEXAGRAMMOS DECAGRAMMUS","KELP GREENLING","SOURCIL DE VARECH","urn:lsid:marinespecies.org:taxname:240732","7981.3616291203098","603.30735010496903","17239.2106994038","0.583963240934669"
2006,164,117,"167116","467","OPHIODON ELONGATUS","LINGCOD","MORUE-LINGUE","urn:lsid:marinespecies.org:taxname:240745","1866561.28922979","1401642.1587975801","2394125.0703128702","0.134663005610794"
2006,164,21,"167293","510","ICELINUS FILAMENTOSUS","THREADFIN SCULPIN","ICÉLINE FILAMENTEUSE","urn:lsid:marinespecies.org:taxname:281136","4226.19337399496","1888.9855215032201","6795.9014719565603","0.289562328194439"
2006,164,58,"172716","596","CITHARICHTHYS SORDIDUS","PACIFIC SANDDAB","LIMANDE SORDIDE","urn:lsid:marinespecies.org:taxname:275694","915932.31810835202","544053.04087389202","1393315.7133708801","0.23162717499177199"
2006,164,127,"172862","602","ATHERESTHES STOMIAS","ARROWTOOTH FLOUNDER","PLIE À GRANDE BOUCHE","urn:lsid:marinespecies.org:taxname:279792","7978495.5593184195","5256787.0670766402","11139549.638305301","0.18589090471310499"
2006,164,94,"172868","607","EOPSETTA JORDANI","PETRALE SOLE","PLIE DE CALIFORNIE","urn:lsid:marinespecies.org:taxname:280690","285786.14420001302","212035.221829635","363653.63148287998","0.13223206978195401"
2006,164,146,"172978","610","GLYPTOCEPHALUS ZACHIRUS","REX SOLE","PLIE ROYALE","urn:lsid:marinespecies.org:taxname:274287","1823038.49197207","1395833.4266458901","2280113.78708483","0.12090922139639899"
2006,164,43,"172875","612","HIPPOGLOSSOIDES ELASSODON","FLATHEAD SOLE","PLIE À TÊTE PLATE","urn:lsid:marinespecies.org:taxname:274289","186235.22066394001","95249.179827591695","310482.16368343902","0.29623990689435897"
2006,164,92,"172932","614","HIPPOGLOSSUS STENOLEPIS","PACIFIC HALIBUT","FLÉTAN DU PACIFIQUE","urn:lsid:marinespecies.org:taxname:274290","1323956.2379707","912257.20431233197","1817519.60324131","0.17959182752007199"
2006,164,26,"172917","621","LEPIDOPSETTA BILINEATA","SOUTHERN ROCK SOLE","FAUSSE LIMANDE DU PACIFIQUE","urn:lsid:marinespecies.org:taxname:281305","67305.143564189304","37732.484560920697","106259.58553865099","0.25981990220470302"
2006,164,82,"172871","625","LYOPSETTA EXILIS","SLENDER SOLE","PLIE MINCE","urn:lsid:marinespecies.org:taxname:281452","90011.207029494894","47992.627214405104","162600.968211275","0.35605081773979802"
2006,164,131,"172887","626","MICROSTOMUS PACIFICUS","DOVER SOLE","LIMANDE-SOLE","urn:lsid:marinespecies.org:taxname:274294","1757440.2101346699","1405391.89885421","2205249.92254458","0.11511344047743401"
2006,164,105,"172921","628","PAROPHRYS VETULUS","ENGLISH SOLE","CARLOTTIN ANGLAIS","urn:lsid:marinespecies.org:taxname:254393","1058117.3030309801","766450.43224051304","1363889.41405161","0.14791689387547099"
2006,164,12,"172924","635","PLEURONICHTHYS DECURRENS","CURLFIN SOLE","PLIE À NAGEOIRES FRISÉES","urn:lsid:marinespecies.org:taxname:282292","9716.6442260185504","3907.3913376323499","16708.021463279401","0.33442335570472498"
2008,159,8,"159988","038","APRISTURUS BRUNNEUS","BROWN CAT SHARK","HOLBICHE BRUNE","urn:lsid:marinespecies.org:taxname:158512","2154.7423027316499","780.59115578643502","3689.5589411108099","0.34179110137664998"
2008,159,128,"160617","044","SQUALUS SUCKLEYI","NORTH PACIFIC SPINY DOGFISH","AIGUILLAT DU PACIFIQUE","urn:lsid:marinespecies.org:taxname:299224","12774294.152116699","4964234.7992958697","23977935.593327001","0.376109619860785"
2008,159,5,"160848","056","BERINGRAJA BINOCULATA","BIG SKATE","RAIE BIOCELLÉE","urn:lsid:marinespecies.org:taxname:1021330","113951.71714511","7133.4943639475596","250669.692201225","0.58037710349834104"
2008,159,28,"160937","058","BATHYRAJA INTERRUPTA","SANDPAPER SKATE","RAIE RUGUEUSE","urn:lsid:marinespecies.org:taxname:271515","13069.063935514299","8440.4650314830706","18725.8854388049","0.200510741809798"
2008,159,96,"160851","059","RAJA RHINA","LONGNOSE SKATE","POCHETEAU LONG-NEZ","urn:lsid:marinespecies.org:taxname:271581","581992.99312454998","444614.81113597797","738275.557361571","0.12823922511800001"
2008,159,140,"161015","066","HYDROLAGUS COLLIEI","SPOTTED RATFISH","CHIMÈRE D’AMÉRIQUE","urn:lsid:marinespecies.org:taxname:271406","2881990.40802581","1215637.81990559","4965013.9998812499","0.34986325354012499"
2008,159,13,"161702","095","ALOSA SAPIDISSIMA","AMERICAN SHAD","ALOSE SAVOUREUSE","urn:lsid:marinespecies.org:taxname:158670","38929.712215254804","3739.9976745162198","101853.961542601","0.77937396376395596"
2008,159,23,"551209","096","CLUPEA PALLASII","PACIFIC HERRING","HARENG DU PACIFIQUE","urn:lsid:marinespecies.org:taxname:151159","34761.144952133298","12738.3161868935","63832.180829905199","0.37873954754005401"
2008,159,47,"162051","148","THALEICHTHYS PACIFICUS","EULACHON","EULAKANE","urn:lsid:marinespecies.org:taxname:282959","49163.767290739197","32541.1062983091","68584.389574130604","0.19304229028370301"
2008,159,65,"164711","222","GADUS MACROCEPHALUS","PACIFIC COD","MORUE DU PACIFIQUE","urn:lsid:marinespecies.org:taxname:254538","512640.818921339","240567.31902940499","987125.18000693899","0.388029628986028"
2008,159,62,"164792","225","MERLUCCIUS PRODUCTUS","PACIFIC HAKE","MERLU DU PACIFIQUE","urn:lsid:marinespecies.org:taxname:272458","209279.212853406","97538.276981386502","353147.08857593901","0.30722248153713"
2008,159,18,"934083","228","GADUS CHALCOGRAMMUS","WALLEYE POLLOCK","GOBERGE DE L’ALASKA","urn:lsid:marinespecies.org:taxname:300735","6755.08482548553","2585.3092262372202","13408.2098827883","0.42632432503520601"
2008,159,38,"550588","233","LYCODES CORTEZIANUS","BIGFIN EELPOUT","LYCODE À GRANDES NAGEOIRES","urn:lsid:marinespecies.org:taxname:274097","13029.0202763204","8802.7620608999496","17679.830665961399","0.16969724161233099"
2008,159,41,"630999","245","LYCODES PACIFICUS","BLACKBELLY EELPOUT","LYCODE À VENTRE NOIR","urn:lsid:marinespecies.org:taxname:274116","35108.074004668699","15789.1874912369","59160.768305531397","0.323100112987946"
2008,159,28,"166706","394","SEBASTES ALEUTIANUS/MELANOSTICTUS COMPLEX","ROUGHEYE/BLACKSPOTTED ROCKFISH COMPLEX","SÉBASTE","urn:lsid:marinespecies.org:taxname:126175","130821.783263697","55739.983380391903","230525.21795708899","0.35553638186613001"
2008,159,60,"166707","396","SEBASTES ALUTUS","PACIFIC OCEAN PERCH","SÉBASTE À LONGUE MÂCHOIRE","urn:lsid:marinespecies.org:taxname:254573","1405912.4822172599","934546.99726648303","2011993.4717145599","0.18901310863696899"
2008,159,58,"166710","401","SEBASTES BABCOCKI","REDBANDED ROCKFISH","SÉBASTE À BANDES ROUGES","urn:lsid:marinespecies.org:taxname:274775","81602.493583037794","57184.419986122899","106655.145363059","0.15676825414444401"
2008,159,8,"166712","403","SEBASTES BOREALIS","SHORTRAKER ROCKFISH","SÉBASTE BORÉAL","urn:lsid:marinespecies.org:taxname:274777","32884.4261354056","8807.3657357071806","68187.852991149804","0.484018610038917"
2008,159,46,"166711","405","SEBASTES BREVISPINIS","SILVERGRAY ROCKFISH","SÉBASTE ARGENTÉ","urn:lsid:marinespecies.org:taxname:274778","325886.92378383002","196258.81489304401","474967.70598898001","0.220931244698652"
2008,159,38,"166715","410","SEBASTES CRAMERI","DARKBLOTCHED ROCKFISH","SÉBASTE TACHETÉ","urn:lsid:marinespecies.org:taxname:274785","61803.725937708303","34162.768382105802","92688.591864102505","0.24977060098930201"
2008,159,45,"166716","412","SEBASTES DIPLOPROA","SPLITNOSE ROCKFISH","GUEULE-DE-LOUP","urn:lsid:marinespecies.org:taxname:274787","1433285.6842886901","785031.59478939802","2239264.9735340602","0.25965221883358502"
2008,159,84,"166717","414","SEBASTES ELONGATUS","GREENSTRIPED ROCKFISH","SÉBASTE À RAYURES VERTES","urn:lsid:marinespecies.org:taxname:274788","1010009.1945941499","584833.43379670102","1542006.3487251501","0.23534123054058301"
2008,159,11,"166719","417","SEBASTES ENTOMELAS","WIDOW ROCKFISH","VEUVE","urn:lsid:marinespecies.org:taxname:274791","14769.613811814201","2919.66649554992","32426.013998777002","0.53031100693254396"
2008,159,67,"166720","418","SEBASTES FLAVIDUS","YELLOWTAIL ROCKFISH","SÉBASTE À QUEUE JAUNE","urn:lsid:marinespecies.org:taxname:274795","3834418.1385689699","1082534.28125898","8099507.0212422302","0.477529317661465"
2008,159,40,"166723","421","SEBASTES HELVOMACULATUS","ROSETHORN ROCKFISH","SÉBASTE ROSACÉ","urn:lsid:marinespecies.org:taxname:274799","108945.41139120499","43884.561302388502","200844.19731657","0.37772406561633598"
2008,159,8,"166726","424","SEBASTES MALIGER","QUILLBACK ROCKFISH","SÉBASTE À DOS ÉPINEUX","urn:lsid:marinespecies.org:taxname:274815","58119.821269718297","9817.2125245623392","121399.701490794","0.49083307843728402"
2008,159,45,"166733","435","SEBASTES PAUCISPINIS","BOCACCIO","BOCACCIO","urn:lsid:marinespecies.org:taxname:274833","149276.858230513","79815.706149600999","239407.1948352","0.283688243532975"
2008,159,53,"166734","437","SEBASTES PINNIGER","CANARY ROCKFISH","SÉBASTE CANARI","urn:lsid:marinespecies.org:taxname:274836","721147.50977917202","402161.16625928599","1144185.81187608","0.26435560853018197"
2008,159,28,"166736","439","SEBASTES PRORIGER","REDSTRIPE ROCKFISH","SÉBASTE À RAIE ROUGE","urn:lsid:marinespecies.org:taxname:274838","2490670.1389786801","793063.60010941303","5037112.3617296899","0.44294483861238698"
2008,159,7,"166737","440","SEBASTES REEDI","YELLOWMOUTH ROCKFISH","SÉBASTE À BOUCHE JAUNE","urn:lsid:marinespecies.org:taxname:274840","38744.028204795897","3908.99665555511","96111.303956652104","0.69925758223436396"
2008,159,20,"166740","442","SEBASTES RUBERRIMUS","YELLOWEYE ROCKFISH","SÉBASTE AUX YEUX JAUNES","urn:lsid:marinespecies.org:taxname:274844","147253.54893037901","63935.940455081698","256508.56738515699","0.32454051643402898"
2008,159,3,"166741","444","SEBASTES SAXICOLA","STRIPETAIL ROCKFISH","SÉBASTE À QUEUE RAYÉE","urn:lsid:marinespecies.org:taxname:274848","954.04330081679996","0.0","2467.31269393296","0.72133192531471102"
2008,159,13,"166743","448","SEBASTES WILSONI","PYGMY ROCKFISH","SÉBASTE PYGMÉE","urn:lsid:marinespecies.org:taxname:274868","6651.1810515712996","2417.2858787903201","11602.663527098101","0.35317159551798499"
2008,159,48,"166744","450","SEBASTES ZACENTRUS","SHARPCHIN ROCKFISH","SÉBASTE À MENTON POINTU","urn:lsid:marinespecies.org:taxname:274869","899301.51601783","516347.62628092698","1354882.8599146199","0.24265081621055201"
2008,159,51,"166783","451","SEBASTOLOBUS ALASCANUS","SHORTSPINE THORNYHEAD","SÉBASTOLOBE À COURTES ÉPINES","urn:lsid:marinespecies.org:taxname:282740","167015.938423193","125024.50440902299","213414.009231812","0.13327531520765401"
2008,159,85,"167123","455","ANOPLOPOMA FIMBRIA","SABLEFISH","MORUE CHARBONNIÈRE","urn:lsid:marinespecies.org:taxname:159463","399851.636053733","297953.47282111098","516850.06196732598","0.140189930787984"
2008,159,5,"167110","461","HEXAGRAMMOS DECAGRAMMUS","KELP GREENLING","SOURCIL DE VARECH","urn:lsid:marinespecies.org:taxname:240732","6085.9419410435603","843.90874209044398","12298.231769768499","0.48292184305741997"
2008,159,84,"167116","467","OPHIODON ELONGATUS","LINGCOD","MORUE-LINGUE","urn:lsid:marinespecies.org:taxname:240745","613679.18557926104","485888.63558690902","749259.470760433","0.10932106763794799"
2008,159,61,"167293","510","ICELINUS FILAMENTOSUS","THREADFIN SCULPIN","ICÉLINE FILAMENTEUSE","urn:lsid:marinespecies.org:taxname:281136","23608.099980132101","11503.120218648301","38820.900115445897","0.30969782115385402"
2008,159,44,"172716","596","CITHARICHTHYS SORDIDUS","PACIFIC SANDDAB","LIMANDE SORDIDE","urn:lsid:marinespecies.org:taxname:275694","1064282.7393602901","654927.91324761801","1529580.22711829","0.21805881766548499"
2008,159,150,"172862","602","ATHERESTHES STOMIAS","ARROWTOOTH FLOUNDER","PLIE À GRANDE BOUCHE","urn:lsid:marinespecies.org:taxname:279792","6438013.7907882296","3836850.4656335898","10243484.913849199","0.282997097307912"
2008,159,95,"172868","607","EOPSETTA JORDANI","PETRALE SOLE","PLIE DE CALIFORNIE","urn:lsid:marinespecies.org:taxname:280690","540135.55595183605","388061.96987296402","695172.52944014396","0.141154081145932"
2008,159,152,"172978","610","GLYPTOCEPHALUS ZACHIRUS","REX SOLE","PLIE ROYALE","urn:lsid:marinespecies.org:taxname:274287","2896992.4259630898","2406321.42441853","3407786.9636216802","8.9315031088411601E-2"
2008,159,48,"172875","612","HIPPOGLOSSOIDES ELASSODON","FLATHEAD SOLE","PLIE À TÊTE PLATE","urn:lsid:marinespecies.org:taxname:274289","576895.997735871","272540.66343251901","935630.90114722005","0.29901142248632701"
2008,159,82,"172932","614","HIPPOGLOSSUS STENOLEPIS","PACIFIC HALIBUT","FLÉTAN DU PACIFIQUE","urn:lsid:marinespecies.org:taxname:274290","511729.72795641702","391114.61843025999","639262.916698282","0.124978904040857"
2008,159,20,"172917","621","LEPIDOPSETTA BILINEATA","SOUTHERN ROCK SOLE","FAUSSE LIMANDE DU PACIFIQUE","urn:lsid:marinespecies.org:taxname:281305","203296.30476171899","73306.146708239001","379547.10083442298","0.39263844976017598"
2008,159,122,"172871","625","LYOPSETTA EXILIS","SLENDER SOLE","PLIE MINCE","urn:lsid:marinespecies.org:taxname:281452","245834.85525704501","192738.70441976801","313132.27681172598","0.121229813827222"
2008,159,146,"172887","626","MICROSTOMUS PACIFICUS","DOVER SOLE","LIMANDE-SOLE","urn:lsid:marinespecies.org:taxname:274294","2067077.6937323201","1702745.2995545","2456096.8218376199","9.3604446822930606E-2"
2008,159,90,"172921","628","PAROPHRYS VETULUS","ENGLISH SOLE","CARLOTTIN ANGLAIS","urn:lsid:marinespecies.org:taxname:254393","1077707.88499581","780500.65625083295","1408246.7319344301","0.15099087793088001"
2008,159,13,"172924","635","PLEURONICHTHYS DECURRENS","CURLFIN SOLE","PLIE À NAGEOIRES FRISÉES","urn:lsid:marinespecies.org:taxname:282292","31993.544434722098","12814.8217335014","58185.310520946397","0.35361751508964501"
2010,136,2,"159988","038","APRISTURUS BRUNNEUS","BROWN CAT SHARK","HOLBICHE BRUNE","urn:lsid:marinespecies.org:taxname:158512","2433.87042450933","0.0","6177.2316970808897","0.707694377065474"
2010,136,116,"160617","044","SQUALUS SUCKLEYI","NORTH PACIFIC SPINY DOGFISH","AIGUILLAT DU PACIFIQUE","urn:lsid:marinespecies.org:taxname:299224","20493990.256288499","12037129.844687199","31778129.578131799","0.24664267445204199"
2010,136,10,"160848","056","BERINGRAJA BINOCULATA","BIG SKATE","RAIE BIOCELLÉE","urn:lsid:marinespecies.org:taxname:1021330","81132.535020570896","18871.711353700201","166951.57031667099","0.49033371052250002"
2010,136,5,"160937","058","BATHYRAJA INTERRUPTA","SANDPAPER SKATE","RAIE RUGUEUSE","urn:lsid:marinespecies.org:taxname:271515","5179.5605039698203","1000.17304312865","10466.795091747999","0.45536227843162402"
2010,136,74,"160851","059","RAJA RHINA","LONGNOSE SKATE","POCHETEAU LONG-NEZ","urn:lsid:marinespecies.org:taxname:271581","472346.38189156802","365901.67783263099","576080.21001113195","0.115055910304749"
2010,136,115,"161015","066","HYDROLAGUS COLLIEI","SPOTTED RATFISH","CHIMÈRE D’AMÉRIQUE","urn:lsid:marinespecies.org:taxname:271406","1165754.05075144","576348.921638784","2082505.2492696401","0.34717659091085201"
2010,136,17,"161702","095","ALOSA SAPIDISSIMA","AMERICAN SHAD","ALOSE SAVOUREUSE","urn:lsid:marinespecies.org:taxname:158670","11454.631837307301","2564.88168463804","27569.671623062899","0.64748666199785299"
2010,136,16,"551209","096","CLUPEA PALLASII","PACIFIC HERRING","HARENG DU PACIFIQUE","urn:lsid:marinespecies.org:taxname:151159","3808.0866025371502","1808.30237745153","6292.3415362023297","0.31094634365909901"
2010,136,35,"162051","148","THALEICHTHYS PACIFICUS","EULACHON","EULAKANE","urn:lsid:marinespecies.org:taxname:282959","40431.681067377503","20783.0308851564","61498.763779968198","0.25704354644494898"
2010,136,100,"164711","222","GADUS MACROCEPHALUS","PACIFIC COD","MORUE DU PACIFIQUE","urn:lsid:marinespecies.org:taxname:254538","1577389.0108509101","1099716.2938786601","2133719.8518018601","0.16451315101394501"
2010,136,44,"164792","225","MERLUCCIUS PRODUCTUS","PACIFIC HAKE","MERLU DU PACIFIQUE","urn:lsid:marinespecies.org:taxname:272458","276527.303241933","146435.36203046501","430036.692463713","0.26558632619414002"
2010,136,23,"934083","228","GADUS CHALCOGRAMMUS","WALLEYE POLLOCK","GOBERGE DE L’ALASKA","urn:lsid:marinespecies.org:taxname:300735","1575239.6590150199","197816.50213871","3597495.1423453698","0.59587408981491097"
2010,136,15,"550588","233","LYCODES CORTEZIANUS","BIGFIN EELPOUT","LYCODE À GRANDES NAGEOIRES","urn:lsid:marinespecies.org:taxname:274097","8181.9609164220401","4189.51049793126","12769.485108209499","0.26362713274546001"
2010,136,39,"630999","245","LYCODES PACIFICUS","BLACKBELLY EELPOUT","LYCODE À VENTRE NOIR","urn:lsid:marinespecies.org:taxname:274116","18144.983908236201","10826.643020346201","27379.3668945711","0.23016054673247599"
2010,136,14,"166706","394","SEBASTES ALEUTIANUS/MELANOSTICTUS COMPLEX","ROUGHEYE/BLACKSPOTTED ROCKFISH COMPLEX","SÉBASTE","urn:lsid:marinespecies.org:taxname:126175","503570.19124854699","169414.27315758599","901622.24204091495","0.36223404129023601"
2010,136,59,"166707","396","SEBASTES ALUTUS","PACIFIC OCEAN PERCH","SÉBASTE À LONGUE MÂCHOIRE","urn:lsid:marinespecies.org:taxname:254573","5132575.0316498801","2884479.05211874","8679873.1798637006","0.28472083455333502"
2010,136,39,"166710","401","SEBASTES BABCOCKI","REDBANDED ROCKFISH","SÉBASTE À BANDES ROUGES","urn:lsid:marinespecies.org:taxname:274775","172009.064088271","88180.356152172099","290066.775025032","0.29720090471362798"
2010,136,4,"166712","403","SEBASTES BOREALIS","SHORTRAKER ROCKFISH","SÉBASTE BORÉAL","urn:lsid:marinespecies.org:taxname:274777","18902.786828385801","2829.68860053244","38347.962338654099","0.505271093633059"
2010,136,43,"166711","405","SEBASTES BREVISPINIS","SILVERGRAY ROCKFISH","SÉBASTE ARGENTÉ","urn:lsid:marinespecies.org:taxname:274778","772912.51162421599","374482.00968358002","1268092.20193897","0.29391640366342903"
2010,136,21,"166715","410","SEBASTES CRAMERI","DARKBLOTCHED ROCKFISH","SÉBASTE TACHETÉ","urn:lsid:marinespecies.org:taxname:274785","94237.257399818496","33344.692583111202","167480.36796269499","0.37431527211378801"
2010,136,25,"166716","412","SEBASTES DIPLOPROA","SPLITNOSE ROCKFISH","GUEULE-DE-LOUP","urn:lsid:marinespecies.org:taxname:274787","1561138.526268","350535.31626979302","3261298.51575315","0.48514247506706598"
2010,136,74,"166717","414","SEBASTES ELONGATUS","GREENSTRIPED ROCKFISH","SÉBASTE À RAYURES VERTES","urn:lsid:marinespecies.org:taxname:274788","794654.59551822301","519161.83077803202","1090723.07596991","0.18337973993842499"
2010,136,23,"166719","417","SEBASTES ENTOMELAS","WIDOW ROCKFISH","VEUVE","urn:lsid:marinespecies.org:taxname:274791","1814999.6160384801","49782.3489293569","6854384.0887481999","0.98097848566832702"
2010,136,77,"166720","418","SEBASTES FLAVIDUS","YELLOWTAIL ROCKFISH","SÉBASTE À QUEUE JAUNE","urn:lsid:marinespecies.org:taxname:274795","5938574.2672997499","3366046.5066853198","9254283.5962980092","0.25538090961842203"
2010,136,40,"166723","421","SEBASTES HELVOMACULATUS","ROSETHORN ROCKFISH","SÉBASTE ROSACÉ","urn:lsid:marinespecies.org:taxname:274799","120224.199630403","66025.869869546703","185280.996309793","0.26498108724345898"
2010,136,10,"166726","424","SEBASTES MALIGER","QUILLBACK ROCKFISH","SÉBASTE À DOS ÉPINEUX","urn:lsid:marinespecies.org:taxname:274815","40037.147911667496","12589.593938931701","79527.418478490901","0.44762597160280498"
2010,136,18,"166733","435","SEBASTES PAUCISPINIS","BOCACCIO","BOCACCIO","urn:lsid:marinespecies.org:taxname:274833","93432.226962224304","32534.2982026145","170298.368568326","0.36929640476027997"
2010,136,58,"166734","437","SEBASTES PINNIGER","CANARY ROCKFISH","SÉBASTE CANARI","urn:lsid:marinespecies.org:taxname:274836","3572098.5604155501","971588.570802829","6743255.0071752202","0.43104947212162498"
2010,136,39,"166736","439","SEBASTES PRORIGER","REDSTRIPE ROCKFISH","SÉBASTE À RAIE ROUGE","urn:lsid:marinespecies.org:taxname:274838","2593559.9204910598","1074292.4755796599","4488308.0488464301","0.33029942186433398"
2010,136,12,"166737","440","SEBASTES REEDI","YELLOWMOUTH ROCKFISH","SÉBASTE À BOUCHE JAUNE","urn:lsid:marinespecies.org:taxname:274840","342673.08616868599","106445.417253826","629788.62055836304","0.39790376482497403"
2010,136,25,"166740","442","SEBASTES RUBERRIMUS","YELLOWEYE ROCKFISH","SÉBASTE AUX YEUX JAUNES","urn:lsid:marinespecies.org:taxname:274844","155851.81502758499","83257.031669815493","251316.479145469","0.27627529399178702"
2010,136,4,"166741","444","SEBASTES SAXICOLA","STRIPETAIL ROCKFISH","SÉBASTE À QUEUE RAYÉE","urn:lsid:marinespecies.org:taxname:274848","57538.264090632998","416.15208423268098","165568.46039886601","0.90044345717890595"
2010,136,21,"166743","448","SEBASTES WILSONI","PYGMY ROCKFISH","SÉBASTE PYGMÉE","urn:lsid:marinespecies.org:taxname:274868","10424.592221995999","4941.1318131627304","16853.824230239399","0.29992710824110302"
2010,136,41,"166744","450","SEBASTES ZACENTRUS","SHARPCHIN ROCKFISH","SÉBASTE À MENTON POINTU","urn:lsid:marinespecies.org:taxname:274869","2170607.0668351599","1227143.29589958","3385863.9324468402","0.25302868443850302"
2010,136,29,"166783","451","SEBASTOLOBUS ALASCANUS","SHORTSPINE THORNYHEAD","SÉBASTOLOBE À COURTES ÉPINES","urn:lsid:marinespecies.org:taxname:282740","278863.24143460201","181945.61505329001","397468.36647000199","0.19931067697371499"
2010,136,102,"167123","455","ANOPLOPOMA FIMBRIA","SABLEFISH","MORUE CHARBONNIÈRE","urn:lsid:marinespecies.org:taxname:159463","2338849.71499614","1251470.81251268","3664440.86844684","0.26020935184462501"
2010,136,10,"167110","461","HEXAGRAMMOS DECAGRAMMUS","KELP GREENLING","SOURCIL DE VARECH","urn:lsid:marinespecies.org:taxname:240732","7322.5476150095201","2604.4118253603301","13113.873949700201","0.37641330747941198"
2010,136,90,"167116","467","OPHIODON ELONGATUS","LINGCOD","MORUE-LINGUE","urn:lsid:marinespecies.org:taxname:240745","1097944.4256056501","807081.53183447302","1393650.05482598","0.13508525068682101"
2010,136,51,"167293","510","ICELINUS FILAMENTOSUS","THREADFIN SCULPIN","ICÉLINE FILAMENTEUSE","urn:lsid:marinespecies.org:taxname:281136","41167.784017370999","26257.886651533699","58919.663992364003","0.20146179263606701"
2010,136,37,"172716","596","CITHARICHTHYS SORDIDUS","PACIFIC SANDDAB","LIMANDE SORDIDE","urn:lsid:marinespecies.org:taxname:275694","754602.69450078101","454959.39057963999","1138993.7127714099","0.234049914123965"
2010,136,124,"172862","602","ATHERESTHES STOMIAS","ARROWTOOTH FLOUNDER","PLIE À GRANDE BOUCHE","urn:lsid:marinespecies.org:taxname:279792","14706978.4558453","10055242.1426482","19994579.014550399","0.17074355042311801"
2010,136,96,"172868","607","EOPSETTA JORDANI","PETRALE SOLE","PLIE DE CALIFORNIE","urn:lsid:marinespecies.org:taxname:280690","659802.82952215103","490634.183098334","860596.40683660097","0.14609417139846201"
2010,136,128,"172978","610","GLYPTOCEPHALUS ZACHIRUS","REX SOLE","PLIE ROYALE","urn:lsid:marinespecies.org:taxname:274287","2103813.1170957899","1748308.12537098","2504979.3167801099","0.0931600668203105"
2010,136,39,"172875","612","HIPPOGLOSSOIDES ELASSODON","FLATHEAD SOLE","PLIE À TÊTE PLATE","urn:lsid:marinespecies.org:taxname:274289","298930.30368874501","138384.53359030199","509937.64968348801","0.309244152256688"
2010,136,58,"172932","614","HIPPOGLOSSUS STENOLEPIS","PACIFIC HALIBUT","FLÉTAN DU PACIFIQUE","urn:lsid:marinespecies.org:taxname:274290","539138.73100099596","388652.69122156","712514.86058481096","0.15255617423318801"
2010,136,27,"172917","621","LEPIDOPSETTA BILINEATA","SOUTHERN ROCK SOLE","FAUSSE LIMANDE DU PACIFIQUE","urn:lsid:marinespecies.org:taxname:281305","231829.01304156799","70117.992626536201","501730.023745857","0.54019367382560102"
2010,136,107,"172871","625","LYOPSETTA EXILIS","SLENDER SOLE","PLIE MINCE","urn:lsid:marinespecies.org:taxname:281452","141250.02125300601","108959.370871488","175808.190223315","0.119462680434025"
2010,136,126,"172887","626","MICROSTOMUS PACIFICUS","DOVER SOLE","LIMANDE-SOLE","urn:lsid:marinespecies.org:taxname:274294","1870847.0437972699","1507653.6546095901","2301155.90284325","0.106704192990321"
2010,136,92,"172921","628","PAROPHRYS VETULUS","ENGLISH SOLE","CARLOTTIN ANGLAIS","urn:lsid:marinespecies.org:taxname:254393","1600686.5363288701","1162330.19926899","2075938.5850783901","0.142279082873917"
2010,136,10,"172924","635","PLEURONICHTHYS DECURRENS","CURLFIN SOLE","PLIE À NAGEOIRES FRISÉES","urn:lsid:marinespecies.org:taxname:282292","11956.916134114401","3815.0589912723799","23653.653379269799","0.423587382046061"
2012,151,6,"159988","038","APRISTURUS BRUNNEUS","BROWN CAT SHARK","HOLBICHE BRUNE","urn:lsid:marinespecies.org:taxname:158512","4632.8782968754003","761.96356118740005","9396.5789732163303","0.50322791719343896"
2012,151,90,"160617","044","SQUALUS SUCKLEYI","NORTH PACIFIC SPINY DOGFISH","AIGUILLAT DU PACIFIQUE","urn:lsid:marinespecies.org:taxname:299224","10630726.9380168","3093441.76584196","21987766.018214799","0.43937893749161699"
2012,151,8,"160848","056","BERINGRAJA BINOCULATA","BIG SKATE","RAIE BIOCELLÉE","urn:lsid:marinespecies.org:taxname:1021330","93441.1441356531","23018.005285093001","197543.48246476499","0.490557394009699"
2012,151,15,"160937","058","BATHYRAJA INTERRUPTA","SANDPAPER SKATE","RAIE RUGUEUSE","urn:lsid:marinespecies.org:taxname:271515","5966.2056433124499","2845.3230020016399","9673.7757259857608","0.29139153790163702"
2012,151,60,"160851","059","RAJA RHINA","LONGNOSE SKATE","POCHETEAU LONG-NEZ","urn:lsid:marinespecies.org:taxname:271581","329654.935703428","212539.86587530101","528857.79333985795","0.25155917164232"
2012,151,134,"161015","066","HYDROLAGUS COLLIEI","SPOTTED RATFISH","CHIMÈRE D’AMÉRIQUE","urn:lsid:marinespecies.org:taxname:271406","3160450.6122960802","1861233.28724738","5113557.6783693898","0.26311531552358702"
2012,151,7,"161702","095","ALOSA SAPIDISSIMA","AMERICAN SHAD","ALOSE SAVOUREUSE","urn:lsid:marinespecies.org:taxname:158670","10692.6342269172","2509.2741687243702","20378.3434374436","0.44905817988969499"
2012,151,37,"551209","096","CLUPEA PALLASII","PACIFIC HERRING","HARENG DU PACIFIQUE","urn:lsid:marinespecies.org:taxname:151159","14169.6005625829","7570.5931368092297","23636.462566545499","0.29428466950599502"
2012,151,51,"162051","148","THALEICHTHYS PACIFICUS","EULACHON","EULAKANE","urn:lsid:marinespecies.org:taxname:282959","92892.752370162503","53845.576654095501","146010.05852762199","0.25787868105912398"
2012,151,94,"164711","222","GADUS MACROCEPHALUS","PACIFIC COD","MORUE DU PACIFIQUE","urn:lsid:marinespecies.org:taxname:254538","921271.67344889801","628457.44080846896","1263186.1913902799","0.175097624064874"
2012,151,52,"164792","225","MERLUCCIUS PRODUCTUS","PACIFIC HAKE","MERLU DU PACIFIQUE","urn:lsid:marinespecies.org:taxname:272458","650153.42347503605","171275.93947348601","1778903.06715479","0.63385979324823905"
2012,151,55,"934083","228","GADUS CHALCOGRAMMUS","WALLEYE POLLOCK","GOBERGE DE L’ALASKA","urn:lsid:marinespecies.org:taxname:300735","469109.22369860503","166377.03363661899","892715.39899522101","0.40218922165763099"
2012,151,16,"550588","233","LYCODES CORTEZIANUS","BIGFIN EELPOUT","LYCODE À GRANDES NAGEOIRES","urn:lsid:marinespecies.org:taxname:274097","3767.1571942872802","1410.2806971886","7078.2796615160796","0.40090889680288999"
2012,151,42,"630999","245","LYCODES PACIFICUS","BLACKBELLY EELPOUT","LYCODE À VENTRE NOIR","urn:lsid:marinespecies.org:taxname:274116","79428.559648841299","34452.806377187","131703.707552306","0.31658919506970901"
2012,151,30,"166706","394","SEBASTES ALEUTIANUS/MELANOSTICTUS COMPLEX","ROUGHEYE/BLACKSPOTTED ROCKFISH COMPLEX","SÉBASTE","urn:lsid:marinespecies.org:taxname:126175","128098.217553243","54322.588311740503","221042.06194896699","0.32940900731793699"
2012,151,61,"166707","396","SEBASTES ALUTUS","PACIFIC OCEAN PERCH","SÉBASTE À LONGUE MÂCHOIRE","urn:lsid:marinespecies.org:taxname:254573","2755161.48886284","1540345.8477538801","4305970.8932491001","0.26097582127869601"
2012,151,45,"166710","401","SEBASTES BABCOCKI","REDBANDED ROCKFISH","SÉBASTE À BANDES ROUGES","urn:lsid:marinespecies.org:taxname:274775","261280.360322369","125674.431925066","439163.44734221097","0.30691287762353098"
2012,151,9,"166712","403","SEBASTES BOREALIS","SHORTRAKER ROCKFISH","SÉBASTE BORÉAL","urn:lsid:marinespecies.org:taxname:274777","40993.150729473797","14393.663476919901","74756.185904783299","0.38114409139695199"
2012,151,45,"166711","405","SEBASTES BREVISPINIS","SILVERGRAY ROCKFISH","SÉBASTE ARGENTÉ","urn:lsid:marinespecies.org:taxname:274778","2805332.7414993602","246840.44531490101","7697945.6168498499","0.77287713888944398"
2012,151,24,"166715","410","SEBASTES CRAMERI","DARKBLOTCHED ROCKFISH","SÉBASTE TACHETÉ","urn:lsid:marinespecies.org:taxname:274785","163188.573295479","54377.246515758598","318000.43472826498","0.40535485843077101"
2012,151,36,"166716","412","SEBASTES DIPLOPROA","SPLITNOSE ROCKFISH","GUEULE-DE-LOUP","urn:lsid:marinespecies.org:taxname:274787","1553497.0385298701","640489.00217883405","2685299.34068147","0.33366085949727597"
2012,151,67,"166717","414","SEBASTES ELONGATUS","GREENSTRIPED ROCKFISH","SÉBASTE À RAYURES VERTES","urn:lsid:marinespecies.org:taxname:274788","803914.785173001","549222.26528822002","1100968.09440648","0.173592941948432"
2012,151,12,"166719","417","SEBASTES ENTOMELAS","WIDOW ROCKFISH","VEUVE","urn:lsid:marinespecies.org:taxname:274791","9905.1495705089492","2157.2935564561199","20919.1518303046","0.53054257548824202"
2012,151,40,"166720","418","SEBASTES FLAVIDUS","YELLOWTAIL ROCKFISH","SÉBASTE À QUEUE JAUNE","urn:lsid:marinespecies.org:taxname:274795","1098230.51097006","530090.21273280506","1841607.951351","0.30412995445076302"
2012,151,48,"166723","421","SEBASTES HELVOMACULATUS","ROSETHORN ROCKFISH","SÉBASTE ROSACÉ","urn:lsid:marinespecies.org:taxname:274799","276043.54191118001","67189.025443879305","680093.69535107503","0.61551650897033705"
2012,151,17,"166726","424","SEBASTES MALIGER","QUILLBACK ROCKFISH","SÉBASTE À DOS ÉPINEUX","urn:lsid:marinespecies.org:taxname:274815","65665.627657450706","33369.876420231099","101736.341959447","0.26368251512193702"
2012,151,16,"166733","435","SEBASTES PAUCISPINIS","BOCACCIO","BOCACCIO","urn:lsid:marinespecies.org:taxname:274833","46723.874362867398","13257.285995193901","96494.419672445103","0.471736231552494"
2012,151,49,"166734","437","SEBASTES PINNIGER","CANARY ROCKFISH","SÉBASTE CANARI","urn:lsid:marinespecies.org:taxname:274836","2001147.8701068801","293892.78395328898","4529361.5211476097","0.63008080886642204"
2012,151,44,"166736","439","SEBASTES PRORIGER","REDSTRIPE ROCKFISH","SÉBASTE À RAIE ROUGE","urn:lsid:marinespecies.org:taxname:274838","7397251.2522265604","1154498.1644239901","17787725.102195099","0.64487874460724603"
2012,151,12,"166737","440","SEBASTES REEDI","YELLOWMOUTH ROCKFISH","SÉBASTE À BOUCHE JAUNE","urn:lsid:marinespecies.org:taxname:274840","125079.269490907","10057.5399695821","331146.78349864902","0.71877641127080805"
2012,151,16,"166740","442","SEBASTES RUBERRIMUS","YELLOWEYE ROCKFISH","SÉBASTE AUX YEUX JAUNES","urn:lsid:marinespecies.org:taxname:274844","142969.28974599999","63761.6282361509","239707.666139295","0.32942977981689098"
2012,151,7,"166741","444","SEBASTES SAXICOLA","STRIPETAIL ROCKFISH","SÉBASTE À QUEUE RAYÉE","urn:lsid:marinespecies.org:taxname:274848","3520.5862314144401","768.07384127774606","7101.3292801586003","0.48626855993597801"
2012,151,22,"166743","448","SEBASTES WILSONI","PYGMY ROCKFISH","SÉBASTE PYGMÉE","urn:lsid:marinespecies.org:taxname:274868","31551.242331982801","6903.4017531077197","69188.222747186897","0.50728968845683398"
2012,151,57,"166744","450","SEBASTES ZACENTRUS","SHARPCHIN ROCKFISH","SÉBASTE À MENTON POINTU","urn:lsid:marinespecies.org:taxname:274869","2908539.5293392502","1050710.8009357101","5611062.1595703401","0.39407107220893201"
2012,151,41,"166783","451","SEBASTOLOBUS ALASCANUS","SHORTSPINE THORNYHEAD","SÉBASTOLOBE À COURTES ÉPINES","urn:lsid:marinespecies.org:taxname:282740","215236.21191742999","168174.467717591","263032.28174790897","0.112538020393571"
2012,151,70,"167123","455","ANOPLOPOMA FIMBRIA","SABLEFISH","MORUE CHARBONNIÈRE","urn:lsid:marinespecies.org:taxname:159463","1347734.4922982999","721302.54536884697","2474497.5161898802","0.323842226628062"
2012,151,17,"167110","461","HEXAGRAMMOS DECAGRAMMUS","KELP GREENLING","SOURCIL DE VARECH","urn:lsid:marinespecies.org:taxname:240732","28751.042086708101","11647.961749875099","49954.329839510698","0.34760280629725598"
2012,151,88,"167116","467","OPHIODON ELONGATUS","LINGCOD","MORUE-LINGUE","urn:lsid:marinespecies.org:taxname:240745","611131.50705477095","439570.678120072","794351.192717314","0.14839995796716801"
2012,151,43,"167293","510","ICELINUS FILAMENTOSUS","THREADFIN SCULPIN","ICÉLINE FILAMENTEUSE","urn:lsid:marinespecies.org:taxname:281136","50990.538180327902","31785.286433699999","76617.775537773894","0.220279542642807"
2012,151,47,"172716","596","CITHARICHTHYS SORDIDUS","PACIFIC SANDDAB","LIMANDE SORDIDE","urn:lsid:marinespecies.org:taxname:275694","785779.773777931","359632.12716204498","1303510.3947012599","0.30773649663885999"
2012,151,134,"172862","602","ATHERESTHES STOMIAS","ARROWTOOTH FLOUNDER","PLIE À GRANDE BOUCHE","urn:lsid:marinespecies.org:taxname:279792","5478169.2874323605","4004120.0301810899","7124447.76672782","0.14375150806978301"
2012,151,89,"172868","607","EOPSETTA JORDANI","PETRALE SOLE","PLIE DE CALIFORNIE","urn:lsid:marinespecies.org:taxname:280690","627160.08579665597","403056.094678325","922470.01636222203","0.21613974120513699"
2012,151,135,"172978","610","GLYPTOCEPHALUS ZACHIRUS","REX SOLE","PLIE ROYALE","urn:lsid:marinespecies.org:taxname:274287","1437060.7872327899","1208678.23306514","1695480.7364753799","8.6431116034734995E-2"
2012,151,54,"172875","612","HIPPOGLOSSOIDES ELASSODON","FLATHEAD SOLE","PLIE À TÊTE PLATE","urn:lsid:marinespecies.org:taxname:274289","724020.48242094205","365367.59036014299","1213787.0093036499","0.29791006250577301"
2012,151,61,"172932","614","HIPPOGLOSSUS STENOLEPIS","PACIFIC HALIBUT","FLÉTAN DU PACIFIQUE","urn:lsid:marinespecies.org:taxname:274290","556628.83763652097","354026.02831762697","808884.51277844398","0.20950162507855599"
2012,151,36,"172917","621","LEPIDOPSETTA BILINEATA","SOUTHERN ROCK SOLE","FAUSSE LIMANDE DU PACIFIQUE","urn:lsid:marinespecies.org:taxname:281305","274353.81624843902","137424.95405371999","433287.34536097001","0.27950187960221501"
2012,151,99,"172871","625","LYOPSETTA EXILIS","SLENDER SOLE","PLIE MINCE","urn:lsid:marinespecies.org:taxname:281452","119601.607732263","85511.564869803406","158569.18068494499","0.15178885363566999"
2012,151,131,"172887","626","MICROSTOMUS PACIFICUS","DOVER SOLE","LIMANDE-SOLE","urn:lsid:marinespecies.org:taxname:274294","1397415.79737926","1092616.8507939801","1729447.9685128501","0.117002207162112"
2012,151,89,"172921","628","PAROPHRYS VETULUS","ENGLISH SOLE","CARLOTTIN ANGLAIS","urn:lsid:marinespecies.org:taxname:254393","1137171.40784952","690823.63558901695","1703349.32059726","0.22544729668057101"
2012,151,20,"172924","635","PLEURONICHTHYS DECURRENS","CURLFIN SOLE","PLIE À NAGEOIRES FRISÉES","urn:lsid:marinespecies.org:taxname:282292","44522.522821211503","23807.432957807599","69963.246234659106","0.26555686062620798"
2014,146,5,"159988","038","APRISTURUS BRUNNEUS","BROWN CAT SHARK","HOLBICHE BRUNE","urn:lsid:marinespecies.org:taxname:158512","1339.8909105420701","287.13806117406898","2641.4620425355602","0.457117154693161"
2014,146,98,"160617","044","SQUALUS SUCKLEYI","NORTH PACIFIC SPINY DOGFISH","AIGUILLAT DU PACIFIQUE","urn:lsid:marinespecies.org:taxname:299224","4664159.0620819498","2405855.44597241","7575397.7964460095","0.27984023150614501"
2014,146,12,"160848","056","BERINGRAJA BINOCULATA","BIG SKATE","RAIE BIOCELLÉE","urn:lsid:marinespecies.org:taxname:1021330","84440.644397561598","26944.844850063098","174565.74110771201","0.44592986610539498"
2014,146,14,"160937","058","BATHYRAJA INTERRUPTA","SANDPAPER SKATE","RAIE RUGUEUSE","urn:lsid:marinespecies.org:taxname:271515","6187.1677443053904","1891.29700770613","12294.0525675933","0.42780435605767297"
2014,146,65,"160851","059","RAJA RHINA","LONGNOSE SKATE","POCHETEAU LONG-NEZ","urn:lsid:marinespecies.org:taxname:271581","321000.51927603601","224882.13567669","434429.64554952498","0.16761334968786701"
2014,146,132,"161015","066","HYDROLAGUS COLLIEI","SPOTTED RATFISH","CHIMÈRE D’AMÉRIQUE","urn:lsid:marinespecies.org:taxname:271406","1675188.31975988","1153134.56129151","2352300.7021874702","0.17614970911234301"
2014,146,29,"161702","095","ALOSA SAPIDISSIMA","AMERICAN SHAD","ALOSE SAVOUREUSE","urn:lsid:marinespecies.org:taxname:158670","18529.932742455501","10505.1713307754","27896.451954002001","0.23688961223652699"
2014,146,62,"551209","096","CLUPEA PALLASII","PACIFIC HERRING","HARENG DU PACIFIQUE","urn:lsid:marinespecies.org:taxname:151159","43116.2661578853","29668.904818407798","59886.9701906095","0.174301376479846"
2014,146,70,"162051","148","THALEICHTHYS PACIFICUS","EULACHON","EULAKANE","urn:lsid:marinespecies.org:taxname:282959","1068416.7225013699","657366.43760560895","1578093.62806452","0.214310264660278"
2014,146,110,"164711","222","GADUS MACROCEPHALUS","PACIFIC COD","MORUE DU PACIFIQUE","urn:lsid:marinespecies.org:taxname:254538","2149365.9296598402","1362212.7289807899","3127555.5489465301","0.217073595857179"
2014,146,38,"164792","225","MERLUCCIUS PRODUCTUS","PACIFIC HAKE","MERLU DU PACIFIQUE","urn:lsid:marinespecies.org:taxname:272458","359169.24665419001","187453.61221363899","592042.39387713","0.29852268595366799"
2014,146,61,"934083","228","GADUS CHALCOGRAMMUS","WALLEYE POLLOCK","GOBERGE DE L’ALASKA","urn:lsid:marinespecies.org:taxname:300735","1108831.37673148","282569.32294582803","2274577.8121372601","0.49314659898676499"
2014,146,27,"550588","233","LYCODES CORTEZIANUS","BIGFIN EELPOUT","LYCODE À GRANDES NAGEOIRES","urn:lsid:marinespecies.org:taxname:274097","20019.7274915864","9902.1424357079595","31617.7487681803","0.28800976947187601"
2014,146,61,"630999","245","LYCODES PACIFICUS","BLACKBELLY EELPOUT","LYCODE À VENTRE NOIR","urn:lsid:marinespecies.org:taxname:274116","158074.43605328101","88924.871530363904","238679.306866673","0.24518290834864101"
2014,146,29,"166706","394","SEBASTES ALEUTIANUS/MELANOSTICTUS COMPLEX","ROUGHEYE/BLACKSPOTTED ROCKFISH COMPLEX","SÉBASTE","urn:lsid:marinespecies.org:taxname:126175","157330.19761308201","78241.3983568603","259729.67900905499","0.28741967667020801"
2014,146,56,"166707","396","SEBASTES ALUTUS","PACIFIC OCEAN PERCH","SÉBASTE À LONGUE MÂCHOIRE","urn:lsid:marinespecies.org:taxname:254573","5248608.9902357599","1902701.51290304","9433373.3440423794","0.37059339862382101"
2014,146,42,"166710","401","SEBASTES BABCOCKI","REDBANDED ROCKFISH","SÉBASTE À BANDES ROUGES","urn:lsid:marinespecies.org:taxname:274775","260373.193705454","121135.31849914099","426293.05706136598","0.31006711871081499"
2014,146,2,"166712","403","SEBASTES BOREALIS","SHORTRAKER ROCKFISH","SÉBASTE BORÉAL","urn:lsid:marinespecies.org:taxname:274777","6049.1341936079998","0.0","16107.684911208","0.79666742966820803"
2014,146,41,"166711","405","SEBASTES BREVISPINIS","SILVERGRAY ROCKFISH","SÉBASTE ARGENTÉ","urn:lsid:marinespecies.org:taxname:274778","780303.85497499595","303507.77084748901","1392692.8194152301","0.34764768698576198"
2014,146,26,"166715","410","SEBASTES CRAMERI","DARKBLOTCHED ROCKFISH","SÉBASTE TACHETÉ","urn:lsid:marinespecies.org:taxname:274785","166714.50210929301","32436.1702594987","378959.52707875002","0.52860276082735902"
2014,146,36,"166716","412","SEBASTES DIPLOPROA","SPLITNOSE ROCKFISH","GUEULE-DE-LOUP","urn:lsid:marinespecies.org:taxname:274787","2960583.4718895601","536830.36330559105","6495639.3181864703","0.51998189517477"
2014,146,76,"166717","414","SEBASTES ELONGATUS","GREENSTRIPED ROCKFISH","SÉBASTE À RAYURES VERTES","urn:lsid:marinespecies.org:taxname:274788","722888.20452894701","484539.42949431","1030625.10168746","0.18615201004924001"
2014,146,26,"166719","417","SEBASTES ENTOMELAS","WIDOW ROCKFISH","VEUVE","urn:lsid:marinespecies.org:taxname:274791","58048.423014969303","21789.682130258199","108876.247694183","0.361746650968709"
2014,146,72,"166720","418","SEBASTES FLAVIDUS","YELLOWTAIL ROCKFISH","SÉBASTE À QUEUE JAUNE","urn:lsid:marinespecies.org:taxname:274795","5161502.4477498597","2143954.5705858301","9282369.7607100103","0.34470219807239899"
2014,146,42,"166723","421","SEBASTES HELVOMACULATUS","ROSETHORN ROCKFISH","SÉBASTE ROSACÉ","urn:lsid:marinespecies.org:taxname:274799","81519.166563220497","39153.766131005897","138029.917044167","0.31557034899304098"
2014,146,9,"166726","424","SEBASTES MALIGER","QUILLBACK ROCKFISH","SÉBASTE À DOS ÉPINEUX","urn:lsid:marinespecies.org:taxname:274815","35312.636413488501","12928.4708743596","64809.025657386002","0.372142494276614"
2014,146,12,"166733","435","SEBASTES PAUCISPINIS","BOCACCIO","BOCACCIO","urn:lsid:marinespecies.org:taxname:274833","29542.350799636301","10570.696626172699","52221.004607968498","0.36436480905829199"
2014,146,58,"166734","437","SEBASTES PINNIGER","CANARY ROCKFISH","SÉBASTE CANARI","urn:lsid:marinespecies.org:taxname:274836","973809.84823698003","194356.47804705001","2458977.8498247098","0.71031838649889301"
2014,146,43,"166736","439","SEBASTES PRORIGER","REDSTRIPE ROCKFISH","SÉBASTE À RAIE ROUGE","urn:lsid:marinespecies.org:taxname:274838","2163038.282197","881774.43213404994","3781104.2513183798","0.34379312368898202"
2014,146,7,"166737","440","SEBASTES REEDI","YELLOWMOUTH ROCKFISH","SÉBASTE À BOUCHE JAUNE","urn:lsid:marinespecies.org:taxname:274840","188259.90124561099","7985.8675783088702","460945.53089347202","0.60666834183899299"
2014,146,18,"166740","442","SEBASTES RUBERRIMUS","YELLOWEYE ROCKFISH","SÉBASTE AUX YEUX JAUNES","urn:lsid:marinespecies.org:taxname:274844","61894.917008097","24946.941607214801","107909.683125532","0.34450063936967901"
2014,146,8,"166741","444","SEBASTES SAXICOLA","STRIPETAIL ROCKFISH","SÉBASTE À QUEUE RAYÉE","urn:lsid:marinespecies.org:taxname:274848","6679.5152296565702","598.21947906642401","18803.814376729701","0.72399966902046498"
2014,146,21,"166743","448","SEBASTES WILSONI","PYGMY ROCKFISH","SÉBASTE PYGMÉE","urn:lsid:marinespecies.org:taxname:274868","10611.4564239641","3068.5381121262599","22018.875495237298","0.44153216929605099"
2014,146,58,"166744","450","SEBASTES ZACENTRUS","SHARPCHIN ROCKFISH","SÉBASTE À MENTON POINTU","urn:lsid:marinespecies.org:taxname:274869","2813893.3712370801","949287.47830228705","5423206.1773997396","0.42936217844112401"
2014,146,42,"166783","451","SEBASTOLOBUS ALASCANUS","SHORTSPINE THORNYHEAD","SÉBASTOLOBE À COURTES ÉPINES","urn:lsid:marinespecies.org:taxname:282740","185648.03303188001","145222.21494898101","232217.63596559301","0.12048270507273"
2014,146,96,"167123","455","ANOPLOPOMA FIMBRIA","SABLEFISH","MORUE CHARBONNIÈRE","urn:lsid:marinespecies.org:taxname:159463","1076178.3988335801","693867.38557143905","1522248.5978141599","0.190177177264792"
2014,146,9,"167110","461","HEXAGRAMMOS DECAGRAMMUS","KELP GREENLING","SOURCIL DE VARECH","urn:lsid:marinespecies.org:taxname:240732","14349.448041187399","2727.8727852069401","30556.6693017943","0.53384890883980896"
2014,146,88,"167116","467","OPHIODON ELONGATUS","LINGCOD","MORUE-LINGUE","urn:lsid:marinespecies.org:taxname:240745","1025182.88063717","690519.64050814696","1450787.75348457","0.19048802803669401"
2014,146,60,"167293","510","ICELINUS FILAMENTOSUS","THREADFIN SCULPIN","ICÉLINE FILAMENTEUSE","urn:lsid:marinespecies.org:taxname:281136","48334.8173199511","32461.150131933198","67387.062554856006","0.18930185593622201"
2014,146,40,"172716","596","CITHARICHTHYS SORDIDUS","PACIFIC SANDDAB","LIMANDE SORDIDE","urn:lsid:marinespecies.org:taxname:275694","833682.531414564","478340.56206834799","1259257.6264301401","0.245496777740255"
2014,146,141,"172862","602","ATHERESTHES STOMIAS","ARROWTOOTH FLOUNDER","PLIE À GRANDE BOUCHE","urn:lsid:marinespecies.org:taxname:279792","13824450.3166791","11059573.731882401","16919536.723696899","0.109758009890896"
2014,146,99,"172868","607","EOPSETTA JORDANI","PETRALE SOLE","PLIE DE CALIFORNIE","urn:lsid:marinespecies.org:taxname:280690","1232659.03871916","877831.70024702605","1653757.04099746","0.16109033408859999"
2014,146,135,"172978","610","GLYPTOCEPHALUS ZACHIRUS","REX SOLE","PLIE ROYALE","urn:lsid:marinespecies.org:taxname:274287","3144316.83743673","2695067.5439412501","3603027.88770808","7.4835500724519194E-2"
2014,146,66,"172875","612","HIPPOGLOSSOIDES ELASSODON","FLATHEAD SOLE","PLIE À TÊTE PLATE","urn:lsid:marinespecies.org:taxname:274289","1329629.3237071","847829.92016918794","1964945.6267746401","0.213062625438003"
2014,146,89,"172932","614","HIPPOGLOSSUS STENOLEPIS","PACIFIC HALIBUT","FLÉTAN DU PACIFIQUE","urn:lsid:marinespecies.org:taxname:274290","831662.97971380397","627472.34284969198","1057316.30353168","0.131557528671994"
2014,146,35,"172917","621","LEPIDOPSETTA BILINEATA","SOUTHERN ROCK SOLE","FAUSSE LIMANDE DU PACIFIQUE","urn:lsid:marinespecies.org:taxname:281305","302396.30149783002","140350.026999036","512232.45516740798","0.31636419792290199"
2014,146,125,"172871","625","LYOPSETTA EXILIS","SLENDER SOLE","PLIE MINCE","urn:lsid:marinespecies.org:taxname:281452","300725.25051302498","228765.26266837801","387727.12524241803","0.126716654743326"
2014,146,134,"172887","626","MICROSTOMUS PACIFICUS","DOVER SOLE","LIMANDE-SOLE","urn:lsid:marinespecies.org:taxname:274294","2063539.48035625","1733735.0432493701","2420035.1208806401","8.5340469967568694E-2"
2014,146,104,"172921","628","PAROPHRYS VETULUS","ENGLISH SOLE","CARLOTTIN ANGLAIS","urn:lsid:marinespecies.org:taxname:254393","2136052.7926958399","1548798.7127521001","2722973.1223798199","0.142027606164007"
2014,146,6,"172924","635","PLEURONICHTHYS DECURRENS","CURLFIN SOLE","PLIE À NAGEOIRES FRISÉES","urn:lsid:marinespecies.org:taxname:282292","9498.2929246120693","2147.5892135130198","19630.6512150503","0.48087008789399399"
2016,140,7,"159988","038","APRISTURUS BRUNNEUS","BROWN CAT SHARK","HOLBICHE BRUNE","urn:lsid:marinespecies.org:taxname:158512","4359.5103947884199","779.66539372088801","10632.280217985401","0.62194868348192101"
2016,140,102,"160617","044","SQUALUS SUCKLEYI","NORTH PACIFIC SPINY DOGFISH","AIGUILLAT DU PACIFIQUE","urn:lsid:marinespecies.org:taxname:299224","3451500.9174555601","2087986.4671495301","5158686.8550335104","0.23728831080328799"
2016,140,19,"160848","056","BERINGRAJA BINOCULATA","BIG SKATE","RAIE BIOCELLÉE","urn:lsid:marinespecies.org:taxname:1021330","214718.61269424699","108607.474353036","351756.412036111","0.29162443404840099"
2016,140,21,"160937","058","BATHYRAJA INTERRUPTA","SANDPAPER SKATE","RAIE RUGUEUSE","urn:lsid:marinespecies.org:taxname:271515","13549.9842258882","7048.0515678324","20454.313749597499","0.25435644392551598"
2016,140,61,"160851","059","RAJA RHINA","LONGNOSE SKATE","POCHETEAU LONG-NEZ","urn:lsid:marinespecies.org:taxname:271581","305030.81881905801","219569.206135474","401830.71233545401","0.15027344806409601"
2016,140,128,"161015","066","HYDROLAGUS COLLIEI","SPOTTED RATFISH","CHIMÈRE D’AMÉRIQUE","urn:lsid:marinespecies.org:taxname:271406","2167554.1961712502","1008215.94136018","4099193.52070079","0.37975992390770202"
2016,140,28,"161702","095","ALOSA SAPIDISSIMA","AMERICAN SHAD","ALOSE SAVOUREUSE","urn:lsid:marinespecies.org:taxname:158670","37930.810710934602","19858.959283628101","59911.616294289997","0.26878280409473598"
2016,140,37,"551209","096","CLUPEA PALLASII","PACIFIC HERRING","HARENG DU PACIFIQUE","urn:lsid:marinespecies.org:taxname:151159","9999.1601846609701","7198.5362727665497","13309.487492755299","0.15400407718103001"
2016,140,46,"162051","148","THALEICHTHYS PACIFICUS","EULACHON","EULAKANE","urn:lsid:marinespecies.org:taxname:282959","69493.003084122305","39486.3500435448","110589.988394498","0.26307475311469403"
2016,140,99,"164711","222","GADUS MACROCEPHALUS","PACIFIC COD","MORUE DU PACIFIQUE","urn:lsid:marinespecies.org:taxname:254538","2026809.3865644301","1323217.58732246","2836633.4681493398","0.19113565532580201"
2016,140,82,"164792","225","MERLUCCIUS PRODUCTUS","PACIFIC HAKE","MERLU DU PACIFIQUE","urn:lsid:marinespecies.org:taxname:272458","2627089.10245007","1228036.1090196399","4180348.1639803201","0.287530365911849"
2016,140,54,"934083","228","GADUS CHALCOGRAMMUS","WALLEYE POLLOCK","GOBERGE DE L’ALASKA","urn:lsid:marinespecies.org:taxname:300735","234251.91326177499","93307.616231200198","428881.58694186201","0.37939655041020898"
2016,140,25,"550588","233","LYCODES CORTEZIANUS","BIGFIN EELPOUT","LYCODE À GRANDES NAGEOIRES","urn:lsid:marinespecies.org:taxname:274097","10942.1585261819","7040.8387038174797","14971.910133315099","0.18806935861510601"
2016,140,45,"630999","245","LYCODES PACIFICUS","BLACKBELLY EELPOUT","LYCODE À VENTRE NOIR","urn:lsid:marinespecies.org:taxname:274116","90507.770144028298","47392.163119294702","148819.580829249","0.27865783954546502"
2016,140,35,"166706","394","SEBASTES ALEUTIANUS/MELANOSTICTUS COMPLEX","ROUGHEYE/BLACKSPOTTED ROCKFISH COMPLEX","SÉBASTE","urn:lsid:marinespecies.org:taxname:126175","416502.33904452698","175221.46324005499","741345.72720998898","0.36522189142205402"
2016,140,57,"166707","396","SEBASTES ALUTUS","PACIFIC OCEAN PERCH","SÉBASTE À LONGUE MÂCHOIRE","urn:lsid:marinespecies.org:taxname:254573","2365628.1374999098","1503172.88595794","3256888.3022619798","0.197213266516784"
2016,140,53,"166710","401","SEBASTES BABCOCKI","REDBANDED ROCKFISH","SÉBASTE À BANDES ROUGES","urn:lsid:marinespecies.org:taxname:274775","136805.23353060501","89961.584517321404","187991.441008567","0.177269673114299"
2016,140,5,"166712","403","SEBASTES BOREALIS","SHORTRAKER ROCKFISH","SÉBASTE BORÉAL","urn:lsid:marinespecies.org:taxname:274777","14408.6895924701","1803.2786885195801","32559.008382325399","0.55579547121830797"
2016,140,45,"166711","405","SEBASTES BREVISPINIS","SILVERGRAY ROCKFISH","SÉBASTE ARGENTÉ","urn:lsid:marinespecies.org:taxname:274778","406497.94823200599","191317.71023713899","703137.30171125301","0.34344517496370303"
2016,140,30,"166715","410","SEBASTES CRAMERI","DARKBLOTCHED ROCKFISH","SÉBASTE TACHETÉ","urn:lsid:marinespecies.org:taxname:274785","99876.743618498294","44363.023240673901","161900.41877378299","0.303648470398102"
2016,140,29,"166716","412","SEBASTES DIPLOPROA","SPLITNOSE ROCKFISH","GUEULE-DE-LOUP","urn:lsid:marinespecies.org:taxname:274787","2549410.9758468498","884270.44226825796","4551832.0729550198","0.37674324483925398"
2016,140,76,"166717","414","SEBASTES ELONGATUS","GREENSTRIPED ROCKFISH","SÉBASTE À RAYURES VERTES","urn:lsid:marinespecies.org:taxname:274788","990808.16823351197","664295.06128400401","1352463.81602729","0.18169218490174499"
2016,140,13,"166719","417","SEBASTES ENTOMELAS","WIDOW ROCKFISH","VEUVE","urn:lsid:marinespecies.org:taxname:274791","16648.486610601201","6757.0816044868598","29295.971984312899","0.35277783029677101"
2016,140,68,"166720","418","SEBASTES FLAVIDUS","YELLOWTAIL ROCKFISH","SÉBASTE À QUEUE JAUNE","urn:lsid:marinespecies.org:taxname:274795","3271733.0222026198","1074377.8932825101","7154371.9385139598","0.50707789684986304"
2016,140,42,"166723","421","SEBASTES HELVOMACULATUS","ROSETHORN ROCKFISH","SÉBASTE ROSACÉ","urn:lsid:marinespecies.org:taxname:274799","169782.74517356101","96745.021430098699","246306.70175935599","0.22254803566065001"
2016,140,8,"166726","424","SEBASTES MALIGER","QUILLBACK ROCKFISH","SÉBASTE À DOS ÉPINEUX","urn:lsid:marinespecies.org:taxname:274815","51341.695841343302","16941.583169836798","94242.099912724996","0.393102141483329"
2016,140,7,"166733","435","SEBASTES PAUCISPINIS","BOCACCIO","BOCACCIO","urn:lsid:marinespecies.org:taxname:274833","25213.354446216501","4099.6358905772904","57098.289402257898","0.57322148591319899"
2016,140,55,"166734","437","SEBASTES PINNIGER","CANARY ROCKFISH","SÉBASTE CANARI","urn:lsid:marinespecies.org:taxname:274836","1558462.14918979","703557.03769184905","2725637.44027799","0.34546758195941801"
2016,140,42,"166736","439","SEBASTES PRORIGER","REDSTRIPE ROCKFISH","SÉBASTE À RAIE ROUGE","urn:lsid:marinespecies.org:taxname:274838","5461264.5913407598","1531873.16040485","10213356.4970119","0.415982490615807"
2016,140,7,"166737","440","SEBASTES REEDI","YELLOWMOUTH ROCKFISH","SÉBASTE À BOUCHE JAUNE","urn:lsid:marinespecies.org:taxname:274840","27732.218949567199","3260.79992393878","62203.838160330699","0.61286486500760096"
2016,140,20,"166740","442","SEBASTES RUBERRIMUS","YELLOWEYE ROCKFISH","SÉBASTE AUX YEUX JAUNES","urn:lsid:marinespecies.org:taxname:274844","100909.416264364","52077.529996798803","155421.49547262801","0.25877888464370902"
2016,140,7,"166741","444","SEBASTES SAXICOLA","STRIPETAIL ROCKFISH","SÉBASTE À QUEUE RAYÉE","urn:lsid:marinespecies.org:taxname:274848","4873.2751713392399","725.16191552375994","9960.6828514383997","0.51195572544045598"
2016,140,24,"166743","448","SEBASTES WILSONI","PYGMY ROCKFISH","SÉBASTE PYGMÉE","urn:lsid:marinespecies.org:taxname:274868","63348.394092230403","23089.9185925403","119679.42513362","0.375671875434956"
2016,140,43,"166744","450","SEBASTES ZACENTRUS","SHARPCHIN ROCKFISH","SÉBASTE À MENTON POINTU","urn:lsid:marinespecies.org:taxname:274869","2016623.7865224299","1235637.3861515101","2870652.7227159701","0.215959589334732"
2016,140,41,"166783","451","SEBASTOLOBUS ALASCANUS","SHORTSPINE THORNYHEAD","SÉBASTOLOBE À COURTES ÉPINES","urn:lsid:marinespecies.org:taxname:282740","350310.18619870598","247952.124670285","465183.77311080502","0.15756476826101801"
2016,140,103,"167123","455","ANOPLOPOMA FIMBRIA","SABLEFISH","MORUE CHARBONNIÈRE","urn:lsid:marinespecies.org:taxname:159463","3469651.9940067302","2142465.4203678402","5234628.5499690697","0.22695521672119301"
2016,140,10,"167110","461","HEXAGRAMMOS DECAGRAMMUS","KELP GREENLING","SOURCIL DE VARECH","urn:lsid:marinespecies.org:taxname:240732","23486.7449207793","6006.96190952914","45077.545799862703","0.43466483246062598"
2016,140,80,"167116","467","OPHIODON ELONGATUS","LINGCOD","MORUE-LINGUE","urn:lsid:marinespecies.org:taxname:240745","1279634.6288531499","768997.10510067304","1964080.2564048099","0.235974421757152"
2016,140,41,"167293","510","ICELINUS FILAMENTOSUS","THREADFIN SCULPIN","ICÉLINE FILAMENTEUSE","urn:lsid:marinespecies.org:taxname:281136","34308.5291415213","14225.657490585099","62426.797216853302","0.36219687496685699"
2016,140,50,"172716","596","CITHARICHTHYS SORDIDUS","PACIFIC SANDDAB","LIMANDE SORDIDE","urn:lsid:marinespecies.org:taxname:275694","1041064.8956744","610476.08002535696","1576323.6223420401","0.237205677937181"
2016,140,126,"172862","602","ATHERESTHES STOMIAS","ARROWTOOTH FLOUNDER","PLIE À GRANDE BOUCHE","urn:lsid:marinespecies.org:taxname:279792","10195585.8715197","6681556.0169188501","15317940.285402101","0.229332944125863"
2016,140,89,"172868","607","EOPSETTA JORDANI","PETRALE SOLE","PLIE DE CALIFORNIE","urn:lsid:marinespecies.org:taxname:280690","1193287.75784825","668241.74805819895","1901807.2332492101","0.26054071100906401"
2016,140,132,"172978","610","GLYPTOCEPHALUS ZACHIRUS","REX SOLE","PLIE ROYALE","urn:lsid:marinespecies.org:taxname:274287","3590807.7805369301","3105887.6694451501","4142044.5907264198","7.2302305678277196E-2"
2016,140,60,"172875","612","HIPPOGLOSSOIDES ELASSODON","FLATHEAD SOLE","PLIE À TÊTE PLATE","urn:lsid:marinespecies.org:taxname:274289","1461155.27191427","969721.20867428102","2063952.7270756899","0.19985279416341301"
2016,140,94,"172932","614","HIPPOGLOSSUS STENOLEPIS","PACIFIC HALIBUT","FLÉTAN DU PACIFIQUE","urn:lsid:marinespecies.org:taxname:274290","1081468.00220302","754539.44616536505","1479420.35773179","0.17238518242982101"
2016,140,33,"172917","621","LEPIDOPSETTA BILINEATA","SOUTHERN ROCK SOLE","FAUSSE LIMANDE DU PACIFIQUE","urn:lsid:marinespecies.org:taxname:281305","492958.04015556001","275276.324498314","771746.40665812104","0.25639062837795601"
2016,140,105,"172871","625","LYOPSETTA EXILIS","SLENDER SOLE","PLIE MINCE","urn:lsid:marinespecies.org:taxname:281452","212183.376100052","158567.89097961001","277619.73983741802","0.13800428556557501"
2016,140,123,"172887","626","MICROSTOMUS PACIFICUS","DOVER SOLE","LIMANDE-SOLE","urn:lsid:marinespecies.org:taxname:274294","1970886.5349006399","1519659.5559314699","2478677.6403458598","0.12534222272856901"
2016,140,88,"172921","628","PAROPHRYS VETULUS","ENGLISH SOLE","CARLOTTIN ANGLAIS","urn:lsid:marinespecies.org:taxname:254393","1981016.4678110301","1334067.96838336","2878685.1165219098","0.203918053414712"
2016,140,18,"172924","635","PLEURONICHTHYS DECURRENS","CURLFIN SOLE","PLIE À NAGEOIRES FRISÉES","urn:lsid:marinespecies.org:taxname:282292","41228.843996308402","16217.4834187288","71955.089709509004","0.34016719032833898"
2018,190,5,"159988","038","APRISTURUS BRUNNEUS","BROWN CAT SHARK","HOLBICHE BRUNE","urn:lsid:marinespecies.org:taxname:158512","1951.4027827171401","196.61722188952399","4428.95909345573","0.53760339128229595"
2018,190,132,"160617","044","SQUALUS SUCKLEYI","NORTH PACIFIC SPINY DOGFISH","AIGUILLAT DU PACIFIQUE","urn:lsid:marinespecies.org:taxname:299224","3834566.5366945202","1503962.27219446","7296069.0093391202","0.39343365290239302"
2018,190,25,"160848","056","BERINGRAJA BINOCULATA","BIG SKATE","RAIE BIOCELLÉE","urn:lsid:marinespecies.org:taxname:1021330","165718.18797065399","86331.068918715304","264221.98860011803","0.27100351157071201"
2018,190,26,"160937","058","BATHYRAJA INTERRUPTA","SANDPAPER SKATE","RAIE RUGUEUSE","urn:lsid:marinespecies.org:taxname:271515","13843.4293625597","8232.2384572778792","20281.102340602101","0.22691727324049499"
2018,190,104,"160851","059","RAJA RHINA","LONGNOSE SKATE","POCHETEAU LONG-NEZ","urn:lsid:marinespecies.org:taxname:271581","456865.00259272201","349421.76222800999","579793.56303464202","0.12641239789390599"
2018,190,179,"161015","066","HYDROLAGUS COLLIEI","SPOTTED RATFISH","CHIMÈRE D’AMÉRIQUE","urn:lsid:marinespecies.org:taxname:271406","2300166.5506534399","1733630.9994761101","3046879.5472184899","0.14862362425314099"
2018,190,34,"161702","095","ALOSA SAPIDISSIMA","AMERICAN SHAD","ALOSE SAVOUREUSE","urn:lsid:marinespecies.org:taxname:158670","26924.561859055899","15431.998013210299","39637.127646849403","0.23114985600482599"
2018,190,55,"551209","096","CLUPEA PALLASII","PACIFIC HERRING","HARENG DU PACIFIQUE","urn:lsid:marinespecies.org:taxname:151159","19049.404795891001","12155.637357936799","26523.463582789002","0.19471061415152"
2018,190,64,"162051","148","THALEICHTHYS PACIFICUS","EULACHON","EULAKANE","urn:lsid:marinespecies.org:taxname:282959","162847.78710394001","63722.328630117903","300460.87059804698","0.37602132492281798"
2018,190,91,"164711","222","GADUS MACROCEPHALUS","PACIFIC COD","MORUE DU PACIFIQUE","urn:lsid:marinespecies.org:taxname:254538","552883.61404965702","368776.35307236202","810292.485983975","0.20094571964153601"
2018,190,119,"164792","225","MERLUCCIUS PRODUCTUS","PACIFIC HAKE","MERLU DU PACIFIQUE","urn:lsid:marinespecies.org:taxname:272458","2652991.7986632702","1260726.0607078699","4710208.1559071997","0.33699755759802003"
2018,190,90,"934083","228","GADUS CHALCOGRAMMUS","WALLEYE POLLOCK","GOBERGE DE L’ALASKA","urn:lsid:marinespecies.org:taxname:300735","374544.17887823499","206604.12318913499","607525.92056846095","0.27922267815605101"
2018,190,21,"550588","233","LYCODES CORTEZIANUS","BIGFIN EELPOUT","LYCODE À GRANDES NAGEOIRES","urn:lsid:marinespecies.org:taxname:274097","7417.5582276248797","4414.7340878008299","10636.9073115175","0.217958844242817"
2018,190,57,"630999","245","LYCODES PACIFICUS","BLACKBELLY EELPOUT","LYCODE À VENTRE NOIR","urn:lsid:marinespecies.org:taxname:274116","120211.73580767","62289.386406881102","192970.82519124399","0.28787628858185199"
2018,190,40,"166706","394","SEBASTES ALEUTIANUS/MELANOSTICTUS COMPLEX","ROUGHEYE/BLACKSPOTTED ROCKFISH COMPLEX","SÉBASTE","urn:lsid:marinespecies.org:taxname:126175","86048.450965589902","58139.329557224097","118926.21987960899","0.18678356253699099"
2018,190,60,"166707","396","SEBASTES ALUTUS","PACIFIC OCEAN PERCH","SÉBASTE À LONGUE MÂCHOIRE","urn:lsid:marinespecies.org:taxname:254573","1680466.1910413599","901963.74250725599","2735103.9493321101","0.27320281342684699"
2018,190,59,"166710","401","SEBASTES BABCOCKI","REDBANDED ROCKFISH","SÉBASTE À BANDES ROUGES","urn:lsid:marinespecies.org:taxname:274775","142908.35742971901","85461.472834207103","218886.65075800801","0.245778974515133"
2018,190,12,"166712","403","SEBASTES BOREALIS","SHORTRAKER ROCKFISH","SÉBASTE BORÉAL","urn:lsid:marinespecies.org:taxname:274777","34113.391348888297","10493.1905674386","67911.298143482898","0.44043282329289501"
2018,190,54,"166711","405","SEBASTES BREVISPINIS","SILVERGRAY ROCKFISH","SÉBASTE ARGENTÉ","urn:lsid:marinespecies.org:taxname:274778","984126.28450727905","388214.30283802497","1812922.74966225","0.376158274815723"
2018,190,66,"166715","410","SEBASTES CRAMERI","DARKBLOTCHED ROCKFISH","SÉBASTE TACHETÉ","urn:lsid:marinespecies.org:taxname:274785","69418.773205430698","42146.163180005897","99499.632782429297","0.21314724680896499"
2018,190,36,"166716","412","SEBASTES DIPLOPROA","SPLITNOSE ROCKFISH","GUEULE-DE-LOUP","urn:lsid:marinespecies.org:taxname:274787","1894194.8091212001","601769.77778221504","3827859.94402073","0.46992268993934899"
2018,190,105,"166717","414","SEBASTES ELONGATUS","GREENSTRIPED ROCKFISH","SÉBASTE À RAYURES VERTES","urn:lsid:marinespecies.org:taxname:274788","749753.30547688599","483167.04220254999","1061901.57121502","0.19057155055382699"
2018,190,27,"166719","417","SEBASTES ENTOMELAS","WIDOW ROCKFISH","VEUVE","urn:lsid:marinespecies.org:taxname:274791","35406.785516716802","13307.1130136266","66061.994382242396","0.38086151790435402"
2018,190,87,"166720","418","SEBASTES FLAVIDUS","YELLOWTAIL ROCKFISH","SÉBASTE À QUEUE JAUNE","urn:lsid:marinespecies.org:taxname:274795","2207015.70503566","1201037.97768176","3334199.90162664","0.243614069968941"
2018,190,55,"166723","421","SEBASTES HELVOMACULATUS","ROSETHORN ROCKFISH","SÉBASTE ROSACÉ","urn:lsid:marinespecies.org:taxname:274799","89680.292437468699","62489.5791726268","124202.914967017","0.179710441764179"
2018,190,8,"166726","424","SEBASTES MALIGER","QUILLBACK ROCKFISH","SÉBASTE À DOS ÉPINEUX","urn:lsid:marinespecies.org:taxname:274815","40883.623870933297","4558.2258080217598","104137.23094419","0.731696261592792"
2018,190,55,"166733","435","SEBASTES PAUCISPINIS","BOCACCIO","BOCACCIO","urn:lsid:marinespecies.org:taxname:274833","456393.78842190199","118010.587325436","1012948.17494391","0.56223916209723801"
2018,190,72,"166734","437","SEBASTES PINNIGER","CANARY ROCKFISH","SÉBASTE CANARI","urn:lsid:marinespecies.org:taxname:274836","3050481.6881107702","750619.73381685605","7203008.0240510302","0.58240355727253301"
2018,190,50,"166736","439","SEBASTES PRORIGER","REDSTRIPE ROCKFISH","SÉBASTE À RAIE ROUGE","urn:lsid:marinespecies.org:taxname:274838","2746978.0899440302","599931.28641073604","5698331.0421985798","0.484808734158785"
2018,190,7,"166737","440","SEBASTES REEDI","YELLOWMOUTH ROCKFISH","SÉBASTE À BOUCHE JAUNE","urn:lsid:marinespecies.org:taxname:274840","29006.8418217574","3462.8492053640698","74721.685048084502","0.68683255685773903"
2018,190,26,"166740","442","SEBASTES RUBERRIMUS","YELLOWEYE ROCKFISH","SÉBASTE AUX YEUX JAUNES","urn:lsid:marinespecies.org:taxname:274844","74101.773109765403","36031.139897249297","120591.096340406","0.296816554994353"
2018,190,13,"166741","444","SEBASTES SAXICOLA","STRIPETAIL ROCKFISH","SÉBASTE À QUEUE RAYÉE","urn:lsid:marinespecies.org:taxname:274848","1659.59629978147","345.340577016005","3649.90407503097","0.52668426588705497"
2018,190,18,"166743","448","SEBASTES WILSONI","PYGMY ROCKFISH","SÉBASTE PYGMÉE","urn:lsid:marinespecies.org:taxname:274868","16631.761111856002","6097.0483341525796","29721.904833742501","0.344218887480361"
2018,190,68,"166744","450","SEBASTES ZACENTRUS","SHARPCHIN ROCKFISH","SÉBASTE À MENTON POINTU","urn:lsid:marinespecies.org:taxname:274869","3170280.5981533299","1726069.9127307399","4865036.6684083398","0.25733511414593802"
2018,190,53,"166783","451","SEBASTOLOBUS ALASCANUS","SHORTSPINE THORNYHEAD","SÉBASTOLOBE À COURTES ÉPINES","urn:lsid:marinespecies.org:taxname:282740","276187.64916929998","208839.17998759","353959.606907879","0.139377686331353"
2018,190,139,"167123","455","ANOPLOPOMA FIMBRIA","SABLEFISH","MORUE CHARBONNIÈRE","urn:lsid:marinespecies.org:taxname:159463","4747412.1160535598","2795009.2976293298","7376464.4076930704","0.25015943609165298"
2018,190,9,"167110","461","HEXAGRAMMOS DECAGRAMMUS","KELP GREENLING","SOURCIL DE VARECH","urn:lsid:marinespecies.org:taxname:240732","9429.4129254963209","942.71863952355795","21696.7156264802","0.54442799106517004"
2018,190,113,"167116","467","OPHIODON ELONGATUS","LINGCOD","MORUE-LINGUE","urn:lsid:marinespecies.org:taxname:240745","625492.91719930898","492913.18923406699","767419.65264236205","0.111376448955848"
2018,190,47,"167293","510","ICELINUS FILAMENTOSUS","THREADFIN SCULPIN","ICÉLINE FILAMENTEUSE","urn:lsid:marinespecies.org:taxname:281136","16174.172553279501","8197.36425708147","28375.6128422209","0.32215882422305597"
2018,190,73,"172716","596","CITHARICHTHYS SORDIDUS","PACIFIC SANDDAB","LIMANDE SORDIDE","urn:lsid:marinespecies.org:taxname:275694","1562281.5610364701","1084546.7916044199","2093780.802958","0.16284272648383899"
2018,190,170,"172862","602","ATHERESTHES STOMIAS","ARROWTOOTH FLOUNDER","PLIE À GRANDE BOUCHE","urn:lsid:marinespecies.org:taxname:279792","2749287.1429202701","2240624.8190459898","3319313.7235768102","0.101822063300732"
2018,190,124,"172868","607","EOPSETTA JORDANI","PETRALE SOLE","PLIE DE CALIFORNIE","urn:lsid:marinespecies.org:taxname:280690","739662.49772021698","548710.24709308101","959359.94512016803","0.142224844535636"
2018,190,183,"172978","610","GLYPTOCEPHALUS ZACHIRUS","REX SOLE","PLIE ROYALE","urn:lsid:marinespecies.org:taxname:274287","4264443.3267004797","3656699.4319841","4969476.7578992601","7.9423689717721097E-2"
2018,190,117,"172875","612","HIPPOGLOSSOIDES ELASSODON","FLATHEAD SOLE","PLIE À TÊTE PLATE","urn:lsid:marinespecies.org:taxname:274289","1622119.35185026","1241768.9915809301","2000029.7657201199","0.122848901807148"
2018,190,59,"172932","614","HIPPOGLOSSUS STENOLEPIS","PACIFIC HALIBUT","FLÉTAN DU PACIFIQUE","urn:lsid:marinespecies.org:taxname:274290","253906.94052361199","177090.01301909401","340242.876501669","0.16070802613418"
2018,190,39,"172917","621","LEPIDOPSETTA BILINEATA","SOUTHERN ROCK SOLE","FAUSSE LIMANDE DU PACIFIQUE","urn:lsid:marinespecies.org:taxname:281305","377719.66803007398","197172.64333388701","597057.12929661805","0.267239224901272"
2018,190,133,"172871","625","LYOPSETTA EXILIS","SLENDER SOLE","PLIE MINCE","urn:lsid:marinespecies.org:taxname:281452","355488.987864469","268520.15980519098","440447.56450382399","0.12661647336203899"
2018,190,177,"172887","626","MICROSTOMUS PACIFICUS","DOVER SOLE","LIMANDE-SOLE","urn:lsid:marinespecies.org:taxname:274294","3117266.1943493499","2456190.66165904","3809511.53652451","0.109609055994284"
2018,190,133,"172921","628","PAROPHRYS VETULUS","ENGLISH SOLE","CARLOTTIN ANGLAIS","urn:lsid:marinespecies.org:taxname:254393","1936533.8842317001","1542954.55903251","2393363.8570802598","0.10984926241941199"
2018,190,35,"172924","635","PLEURONICHTHYS DECURRENS","CURLFIN SOLE","PLIE À NAGEOIRES FRISÉES","urn:lsid:marinespecies.org:taxname:282292","41487.631040600099","25224.317498300101","58195.1902119445","0.21106802342589301"
2021,169,4,"159988","038","APRISTURUS BRUNNEUS","BROWN CAT SHARK","HOLBICHE BRUNE","urn:lsid:marinespecies.org:taxname:158512","1903.2467569294099","128.72317698464499","4491.8089978666703","0.62204182470025005"
2021,169,74,"160617","044","SQUALUS SUCKLEYI","NORTH PACIFIC SPINY DOGFISH","AIGUILLAT DU PACIFIQUE","urn:lsid:marinespecies.org:taxname:299224","951302.70939922298","518980.007735338","1475361.0471637801","0.25418156420391302"
2021,169,20,"160848","056","BERINGRAJA BINOCULATA","BIG SKATE","RAIE BIOCELLÉE","urn:lsid:marinespecies.org:taxname:1021330","223472.84056140701","104543.058617836","363666.39555901499","0.30001753403076598"
2021,169,33,"160937","058","BATHYRAJA INTERRUPTA","SANDPAPER SKATE","RAIE RUGUEUSE","urn:lsid:marinespecies.org:taxname:271515","17333.688049594399","11036.9152657876","23579.9308587046","0.186754188273661"
2021,169,85,"160851","059","RAJA RHINA","LONGNOSE SKATE","POCHETEAU LONG-NEZ","urn:lsid:marinespecies.org:taxname:271581","493306.51794203999","334565.62285819201","698995.84682076203","0.186642042758768"
2021,169,161,"161015","066","HYDROLAGUS COLLIEI","SPOTTED RATFISH","CHIMÈRE D’AMÉRIQUE","urn:lsid:marinespecies.org:taxname:271406","1332756.9669083999","990905.86115924304","1750344.7511523501","0.139187577403455"
2021,169,14,"161702","095","ALOSA SAPIDISSIMA","AMERICAN SHAD","ALOSE SAVOUREUSE","urn:lsid:marinespecies.org:taxname:158670","12444.890868914101","3984.2659800204501","25926.517268733602","0.463022351383168"
2021,169,31,"551209","096","CLUPEA PALLASII","PACIFIC HERRING","HARENG DU PACIFIQUE","urn:lsid:marinespecies.org:taxname:151159","19044.197358488","7482.1198851372701","36266.495175394499","0.42544340680012599"
2021,169,65,"162051","148","THALEICHTHYS PACIFICUS","EULACHON","EULAKANE","urn:lsid:marinespecies.org:taxname:282959","164010.14070089499","106468.246225561","234882.882154469","0.200279644895517"
2021,169,86,"164711","222","GADUS MACROCEPHALUS","PACIFIC COD","MORUE DU PACIFIQUE","urn:lsid:marinespecies.org:taxname:254538","431664.77699958702","288466.77206222201","588059.09930404299","0.175556943275468"
2021,169,70,"164792","225","MERLUCCIUS PRODUCTUS","PACIFIC HAKE","MERLU DU PACIFIQUE","urn:lsid:marinespecies.org:taxname:272458","1221742.4295401999","560353.47772757499","2131267.7653855099","0.33720608402382002"
2021,169,60,"934083","228","GADUS CHALCOGRAMMUS","WALLEYE POLLOCK","GOBERGE DE L’ALASKA","urn:lsid:marinespecies.org:taxname:300735","507533.057318201","223667.94092232001","873786.21248538198","0.33193085077992102"
2021,169,22,"550588","233","LYCODES CORTEZIANUS","BIGFIN EELPOUT","LYCODE À GRANDES NAGEOIRES","urn:lsid:marinespecies.org:taxname:274097","7080.8987078118498","3708.96208508994","10873.313408955","0.26102423411877201"
2021,169,28,"630999","245","LYCODES PACIFICUS","BLACKBELLY EELPOUT","LYCODE À VENTRE NOIR","urn:lsid:marinespecies.org:taxname:274116","83577.254711420595","23614.5004093061","176671.84088439401","0.52261732335109001"
2021,169,33,"166706","394","SEBASTES ALEUTIANUS/MELANOSTICTUS COMPLEX","ROUGHEYE/BLACKSPOTTED ROCKFISH COMPLEX","SÉBASTE","urn:lsid:marinespecies.org:taxname:126175","210749.76947649199","103529.347793882","347653.95480462199","0.29936014937913602"
2021,169,54,"166707","396","SEBASTES ALUTUS","PACIFIC OCEAN PERCH","SÉBASTE À LONGUE MÂCHOIRE","urn:lsid:marinespecies.org:taxname:254573","1887288.5585145799","964026.89781924896","3105950.0014617098","0.29404167043992901"
2021,169,53,"166710","401","SEBASTES BABCOCKI","REDBANDED ROCKFISH","SÉBASTE À BANDES ROUGES","urn:lsid:marinespecies.org:taxname:274775","133474.52130098699","95340.463617377798","175162.22990906701","0.15057693484237999"
2021,169,7,"166712","403","SEBASTES BOREALIS","SHORTRAKER ROCKFISH","SÉBASTE BORÉAL","urn:lsid:marinespecies.org:taxname:274777","56696.461130724398","9808.4328976007691","127157.768983596","0.54972895540325695"
2021,169,50,"166711","405","SEBASTES BREVISPINIS","SILVERGRAY ROCKFISH","SÉBASTE ARGENTÉ","urn:lsid:marinespecies.org:taxname:274778","830659.71683897905","408311.45722055202","1306588.32842048","0.28858190757803498"
2021,169,51,"166715","410","SEBASTES CRAMERI","DARKBLOTCHED ROCKFISH","SÉBASTE TACHETÉ","urn:lsid:marinespecies.org:taxname:274785","186472.91320815001","105276.046284371","294897.40244418802","0.26169984232629001"
2021,169,30,"166716","412","SEBASTES DIPLOPROA","SPLITNOSE ROCKFISH","GUEULE-DE-LOUP","urn:lsid:marinespecies.org:taxname:274787","367797.30532640399","122266.908295759","694198.60565123404","0.40423102268663003"
2021,169,74,"166717","414","SEBASTES ELONGATUS","GREENSTRIPED ROCKFISH","SÉBASTE À RAYURES VERTES","urn:lsid:marinespecies.org:taxname:274788","707833.12075076695","493750.80130994797","965919.98282033496","0.165223406728046"
2021,169,34,"166719","417","SEBASTES ENTOMELAS","WIDOW ROCKFISH","VEUVE","urn:lsid:marinespecies.org:taxname:274791","112160.74274031199","34580.026670230298","223719.699208078","0.42913515421417697"
2021,169,60,"166720","418","SEBASTES FLAVIDUS","YELLOWTAIL ROCKFISH","SÉBASTE À QUEUE JAUNE","urn:lsid:marinespecies.org:taxname:274795","2738480.8179888902","1046876.58758343","5176904.1864306498","0.40151070255642102"
2021,169,38,"166723","421","SEBASTES HELVOMACULATUS","ROSETHORN ROCKFISH","SÉBASTE ROSACÉ","urn:lsid:marinespecies.org:taxname:274799","71785.364101137704","34045.50636308","116709.496886087","0.290820476459688"
2021,169,11,"166726","424","SEBASTES MALIGER","QUILLBACK ROCKFISH","SÉBASTE À DOS ÉPINEUX","urn:lsid:marinespecies.org:taxname:274815","21295.143935573498","6752.6011309740097","38988.2697222973","0.38794986907201501"
2021,169,70,"166733","435","SEBASTES PAUCISPINIS","BOCACCIO","BOCACCIO","urn:lsid:marinespecies.org:taxname:274833","2039372.594119","596295.24868874799","3882833.46320925","0.42646534358000798"
2021,169,70,"166734","437","SEBASTES PINNIGER","CANARY ROCKFISH","SÉBASTE CANARI","urn:lsid:marinespecies.org:taxname:274836","1565193.8060655801","842549.14695609","2396052.7914244598","0.25731389242637898"
2021,169,42,"166736","439","SEBASTES PRORIGER","REDSTRIPE ROCKFISH","SÉBASTE À RAIE ROUGE","urn:lsid:marinespecies.org:taxname:274838","2756341.0505798599","1336393.3568460201","4294314.6802168796","0.28001669028033299"
2021,169,11,"166737","440","SEBASTES REEDI","YELLOWMOUTH ROCKFISH","SÉBASTE À BOUCHE JAUNE","urn:lsid:marinespecies.org:taxname:274840","16654.677836640101","5204.1674987423403","30516.346566951299","0.39537546019979702"
2021,169,25,"166740","442","SEBASTES RUBERRIMUS","YELLOWEYE ROCKFISH","SÉBASTE AUX YEUX JAUNES","urn:lsid:marinespecies.org:taxname:274844","105585.60895243401","50327.118999337901","174896.93305217","0.30202131242684299"
2021,169,8,"166741","444","SEBASTES SAXICOLA","STRIPETAIL ROCKFISH","SÉBASTE À QUEUE RAYÉE","urn:lsid:marinespecies.org:taxname:274848","23220.847921867899","1010.8057879240999","62103.324577938904","0.76833374819244804"
2021,169,10,"166743","448","SEBASTES WILSONI","PYGMY ROCKFISH","SÉBASTE PYGMÉE","urn:lsid:marinespecies.org:taxname:274868","5297.4444270502399","1138.03169855292","13005.0129391722","0.56104547823075501"
2021,169,40,"166744","450","SEBASTES ZACENTRUS","SHARPCHIN ROCKFISH","SÉBASTE À MENTON POINTU","urn:lsid:marinespecies.org:taxname:274869","2412142.0444996599","934130.44616177899","4403940.25295348","0.37879675646129801"
2021,169,41,"166783","451","SEBASTOLOBUS ALASCANUS","SHORTSPINE THORNYHEAD","SÉBASTOLOBE À COURTES ÉPINES","urn:lsid:marinespecies.org:taxname:282740","287758.98394070502","222754.59171274901","366426.85745872703","0.12393536864132799"
2021,169,126,"167123","455","ANOPLOPOMA FIMBRIA","SABLEFISH","MORUE CHARBONNIÈRE","urn:lsid:marinespecies.org:taxname:159463","3111026.9578554998","2282616.12539241","4083387.3315832098","0.14923974689916999"
2021,169,14,"167110","461","HEXAGRAMMOS DECAGRAMMUS","KELP GREENLING","SOURCIL DE VARECH","urn:lsid:marinespecies.org:taxname:240732","19361.896447933901","7713.8362263912504","33333.7268527372","0.34322196391369098"
2021,169,123,"167116","467","OPHIODON ELONGATUS","LINGCOD","MORUE-LINGUE","urn:lsid:marinespecies.org:taxname:240745","1114524.93622259","810032.19788894895","1468584.7059088501","0.148950186862084"
2021,169,48,"167293","510","ICELINUS FILAMENTOSUS","THREADFIN SCULPIN","ICÉLINE FILAMENTEUSE","urn:lsid:marinespecies.org:taxname:281136","11114.812990005999","6082.4310637799499","19843.989299539699","0.32022513669439401"
2021,169,68,"172716","596","CITHARICHTHYS SORDIDUS","PACIFIC SANDDAB","LIMANDE SORDIDE","urn:lsid:marinespecies.org:taxname:275694","2404282.4490411999","1562532.8896908001","3320565.5119790002","0.19157930391632499"
2021,169,150,"172862","602","ATHERESTHES STOMIAS","ARROWTOOTH FLOUNDER","PLIE À GRANDE BOUCHE","urn:lsid:marinespecies.org:taxname:279792","3393690.0360440798","2648212.66601271","4198085.5181530695","0.11512558572479301"
2021,169,126,"172868","607","EOPSETTA JORDANI","PETRALE SOLE","PLIE DE CALIFORNIE","urn:lsid:marinespecies.org:taxname:280690","1456257.83938096","1032188.46891125","1980353.6383511301","0.16490669976803801"
2021,169,157,"172978","610","GLYPTOCEPHALUS ZACHIRUS","REX SOLE","PLIE ROYALE","urn:lsid:marinespecies.org:taxname:274287","5087309.2462200401","4339493.2484168401","5929400.8281098995","8.0256189985990503E-2"
2021,169,77,"172875","612","HIPPOGLOSSOIDES ELASSODON","FLATHEAD SOLE","PLIE À TÊTE PLATE","urn:lsid:marinespecies.org:taxname:274289","858525.66831198602","463568.628545549","1380396.4408565699","0.26511970089167702"
2021,169,73,"172932","614","HIPPOGLOSSUS STENOLEPIS","PACIFIC HALIBUT","FLÉTAN DU PACIFIQUE","urn:lsid:marinespecies.org:taxname:274290","481923.76206191501","357560.26996670599","629929.49679165799","0.14339862916898999"
2021,169,41,"172917","621","LEPIDOPSETTA BILINEATA","SOUTHERN ROCK SOLE","FAUSSE LIMANDE DU PACIFIQUE","urn:lsid:marinespecies.org:taxname:281305","398386.35181630001","198853.60183679199","700942.58327227703","0.32182741144959298"
2021,169,114,"172871","625","LYOPSETTA EXILIS","SLENDER SOLE","PLIE MINCE","urn:lsid:marinespecies.org:taxname:281452","648706.09047479299","440446.41927599697","865561.5741044","0.17103958193631699"
2021,169,154,"172887","626","MICROSTOMUS PACIFICUS","DOVER SOLE","LIMANDE-SOLE","urn:lsid:marinespecies.org:taxname:274294","2551622.08576723","2085484.03478565","2981940.45149604","8.7352579727179996E-2"
2021,169,110,"172921","628","PAROPHRYS VETULUS","ENGLISH SOLE","CARLOTTIN ANGLAIS","urn:lsid:marinespecies.org:taxname:254393","1763342.1608190399","1213334.1456921999","2382496.4523996599","0.16899759459473501"
2021,169,26,"172924","635","PLEURONICHTHYS DECURRENS","CURLFIN SOLE","PLIE À NAGEOIRES FRISÉES","urn:lsid:marinespecies.org:taxname:282292","52594.342470288902","29856.478390967899","78604.451400751001","0.23408953896593299"
